{"reports":[{"annotation":"androidx.annotation.Nullable","followups":[],"method":"getFormLineDashEffect()","param":"null","effect":0,"index":"null","location":"METHOD","finished":false,"class":"com.github.mikephil.charting.data.BaseDataSet","pkg":"com.github.mikephil.charting.data","inject":"true","uri":"///home/nima/Developer/AutoFixer/Evaluation/Projects/MPAndroidChart/MPChartLib/src/main/java/com/github/mikephil/charting/data/BaseDataSet.java"},{"annotation":"androidx.annotation.Nullable","followups":[],"method":"getDashPathEffect()","param":"null","effect":0,"index":"null","location":"METHOD","finished":false,"class":"com.github.mikephil.charting.data.LineDataSet","pkg":"com.github.mikephil.charting.data","inject":"true","uri":"///home/nima/Developer/AutoFixer/Evaluation/Projects/MPAndroidChart/MPChartLib/src/main/java/com/github/mikephil/charting/data/LineDataSet.java"},{"annotation":"androidx.annotation.Nullable","followups":[],"method":"getFillDrawable()","param":"null","effect":0,"index":"null","location":"METHOD","finished":false,"class":"com.github.mikephil.charting.data.LineRadarDataSet","pkg":"com.github.mikephil.charting.data","inject":"true","uri":"///home/nima/Developer/AutoFixer/Evaluation/Projects/MPAndroidChart/MPChartLib/src/main/java/com/github/mikephil/charting/data/LineRadarDataSet.java"},{"annotation":"androidx.annotation.Nullable","followups":[],"method":"getDashPathEffectHighlight()","param":"null","effect":0,"index":"null","location":"METHOD","finished":false,"class":"com.github.mikephil.charting.data.LineScatterCandleRadarDataSet","pkg":"com.github.mikephil.charting.data","inject":"true","uri":"///home/nima/Developer/AutoFixer/Evaluation/Projects/MPAndroidChart/MPChartLib/src/main/java/com/github/mikephil/charting/data/LineScatterCandleRadarDataSet.java"},{"annotation":"androidx.annotation.Nullable","followups":[],"method":"drawLabel(android.graphics.Canvas,float,float,java.lang.String)","param":"label","effect":0,"index":"3","location":"PARAMETER","finished":false,"class":"com.github.mikephil.charting.renderer.LegendRenderer","pkg":"com.github.mikephil.charting.renderer","inject":"true","uri":"///home/nima/Developer/AutoFixer/Evaluation/Projects/MPAndroidChart/MPChartLib/src/main/java/com/github/mikephil/charting/renderer/LegendRenderer.java"},{"annotation":"androidx.annotation.Nullable","followups":[],"method":"getGridDashPathEffect()","param":"null","effect":-1,"index":"null","location":"METHOD","finished":false,"class":"com.github.mikephil.charting.components.AxisBase","pkg":"com.github.mikephil.charting.components","inject":"true","uri":"///home/nima/Developer/AutoFixer/Evaluation/Projects/MPAndroidChart/MPChartLib/src/main/java/com/github/mikephil/charting/components/AxisBase.java"},{"annotation":"androidx.annotation.Nullable","followups":[],"method":"getAxisLineDashPathEffect()","param":"null","effect":-1,"index":"null","location":"METHOD","finished":false,"class":"com.github.mikephil.charting.components.AxisBase","pkg":"com.github.mikephil.charting.components","inject":"true","uri":"///home/nima/Developer/AutoFixer/Evaluation/Projects/MPAndroidChart/MPChartLib/src/main/java/com/github/mikephil/charting/components/AxisBase.java"},{"annotation":"androidx.annotation.Nullable","followups":[],"method":"getTypeface()","param":"null","effect":-1,"index":"null","location":"METHOD","finished":false,"class":"com.github.mikephil.charting.components.ComponentBase","pkg":"com.github.mikephil.charting.components","inject":"true","uri":"///home/nima/Developer/AutoFixer/Evaluation/Projects/MPAndroidChart/MPChartLib/src/main/java/com/github/mikephil/charting/components/ComponentBase.java"},{"annotation":"androidx.annotation.Nullable","followups":[],"method":"getIcon()","param":"null","effect":-1,"index":"null","location":"METHOD","finished":false,"class":"com.github.mikephil.charting.data.BaseEntry","pkg":"com.github.mikephil.charting.data","inject":"true","uri":"///home/nima/Developer/AutoFixer/Evaluation/Projects/MPAndroidChart/MPChartLib/src/main/java/com/github/mikephil/charting/data/BaseEntry.java"},{"annotation":"androidx.annotation.Nullable","followups":[],"method":"getEntryIndex(com.github.mikephil.charting.data.Entry)","param":"e","effect":-1,"index":"0","location":"PARAMETER","finished":false,"class":"com.github.mikephil.charting.data.DataSet","pkg":"com.github.mikephil.charting.data","inject":"true","uri":"///home/nima/Developer/AutoFixer/Evaluation/Projects/MPAndroidChart/MPChartLib/src/main/java/com/github/mikephil/charting/data/DataSet.java"},{"annotation":"androidx.annotation.Nullable","followups":[],"method":"getExtraEntries()","param":"null","effect":-1,"index":"null","location":"METHOD","finished":false,"class":"com.github.mikephil.charting.components.Legend","pkg":"com.github.mikephil.charting.components","inject":"true","uri":"///home/nima/Developer/AutoFixer/Evaluation/Projects/MPAndroidChart/MPChartLib/src/main/java/com/github/mikephil/charting/components/Legend.java"},{"annotation":"androidx.annotation.Nullable","followups":[],"method":"getFormLineDashEffect()","param":"null","effect":-1,"index":"null","location":"METHOD","finished":false,"class":"com.github.mikephil.charting.components.Legend","pkg":"com.github.mikephil.charting.components","inject":"true","uri":"///home/nima/Developer/AutoFixer/Evaluation/Projects/MPAndroidChart/MPChartLib/src/main/java/com/github/mikephil/charting/components/Legend.java"},{"annotation":"androidx.annotation.Nullable","followups":[],"method":"AxisRenderer(com.github.mikephil.charting.utils.ViewPortHandler,com.github.mikephil.charting.utils.Transformer,com.github.mikephil.charting.components.AxisBase)","param":"trans","effect":-1,"index":"1","location":"PARAMETER","finished":false,"class":"com.github.mikephil.charting.renderer.AxisRenderer","pkg":"com.github.mikephil.charting.renderer","inject":"true","uri":"///home/nima/Developer/AutoFixer/Evaluation/Projects/MPAndroidChart/MPChartLib/src/main/java/com/github/mikephil/charting/renderer/AxisRenderer.java"},{"annotation":"androidx.annotation.Nullable","followups":[],"method":"getDashPathEffect()","param":"null","effect":-1,"index":"null","location":"METHOD","finished":false,"class":"com.github.mikephil.charting.components.LimitLine","pkg":"com.github.mikephil.charting.components","inject":"true","uri":"///home/nima/Developer/AutoFixer/Evaluation/Projects/MPAndroidChart/MPChartLib/src/main/java/com/github/mikephil/charting/components/LimitLine.java"},{"annotation":"androidx.annotation.Nullable","followups":[],"method":"getPosition()","param":"null","effect":-1,"index":"null","location":"METHOD","finished":false,"class":"com.github.mikephil.charting.components.Description","pkg":"com.github.mikephil.charting.components","inject":"true","uri":"///home/nima/Developer/AutoFixer/Evaluation/Projects/MPAndroidChart/MPChartLib/src/main/java/com/github/mikephil/charting/components/Description.java"},{"annotation":"androidx.annotation.Nullable","followups":[],"method":"equalTo(com.github.mikephil.charting.highlight.Highlight)","param":"h","effect":-2,"index":"0","location":"PARAMETER","finished":false,"class":"com.github.mikephil.charting.highlight.Highlight","pkg":"com.github.mikephil.charting.highlight","inject":"true","uri":"///home/nima/Developer/AutoFixer/Evaluation/Projects/MPAndroidChart/MPChartLib/src/main/java/com/github/mikephil/charting/highlight/Highlight.java"},{"annotation":"androidx.annotation.Nullable","followups":[],"method":"getEntryForXValue(float,float)","param":"null","effect":-3,"index":"null","location":"METHOD","finished":false,"class":"com.github.mikephil.charting.interfaces.datasets.IDataSet","pkg":"com.github.mikephil.charting.interfaces.datasets","inject":"true","uri":"///home/nima/Developer/AutoFixer/Evaluation/Projects/MPAndroidChart/MPChartLib/src/main/java/com/github/mikephil/charting/interfaces/datasets/IDataSet.java"},{"annotation":"androidx.annotation.Nullable","followups":[],"method":"getData()","param":"null","effect":-17,"index":"null","location":"METHOD","finished":false,"class":"com.github.mikephil.charting.data.BaseEntry","pkg":"com.github.mikephil.charting.data","inject":"true","uri":"///home/nima/Developer/AutoFixer/Evaluation/Projects/MPAndroidChart/MPChartLib/src/main/java/com/github/mikephil/charting/data/BaseEntry.java"},{"annotation":"androidx.annotation.Nullable","followups":[],"method":"getAxis()","param":"null","effect":-18,"index":"null","location":"METHOD","finished":false,"class":"com.github.mikephil.charting.highlight.Highlight","pkg":"com.github.mikephil.charting.highlight","inject":"true","uri":"///home/nima/Developer/AutoFixer/Evaluation/Projects/MPAndroidChart/MPChartLib/src/main/java/com/github/mikephil/charting/highlight/Highlight.java"},{"annotation":"androidx.annotation.Nullable","followups":[],"method":"velocityTrackerPointerUpCleanUpIfNecessary(android.view.MotionEvent,android.view.VelocityTracker)","param":"tracker","effect":-18,"index":"1","location":"PARAMETER","finished":false,"class":"com.github.mikephil.charting.utils.Utils","pkg":"com.github.mikephil.charting.utils","inject":"true","uri":"///home/nima/Developer/AutoFixer/Evaluation/Projects/MPAndroidChart/MPChartLib/src/main/java/com/github/mikephil/charting/utils/Utils.java"},{"annotation":"androidx.annotation.Nullable","followups":[],"method":"getClosestHighlight(int,float,float)","param":"null","effect":-19,"index":"null","location":"METHOD","finished":false,"class":"com.github.mikephil.charting.highlight.PieRadarHighlighter","pkg":"com.github.mikephil.charting.highlight","inject":"true","uri":"///home/nima/Developer/AutoFixer/Evaluation/Projects/MPAndroidChart/MPChartLib/src/main/java/com/github/mikephil/charting/highlight/PieRadarHighlighter.java"},{"annotation":"androidx.annotation.Nullable","followups":[],"method":"getHighlight(float,float)","param":"null","effect":-20,"index":"null","location":"METHOD","finished":false,"class":"com.github.mikephil.charting.highlight.IHighlighter","pkg":"com.github.mikephil.charting.highlight","inject":"true","uri":"///home/nima/Developer/AutoFixer/Evaluation/Projects/MPAndroidChart/MPChartLib/src/main/java/com/github/mikephil/charting/highlight/IHighlighter.java"},{"annotation":"androidx.annotation.Nullable","followups":[],"method":"null","param":"mShapeRenderer","effect":-21,"index":"null","location":"FIELD","finished":false,"class":"com.github.mikephil.charting.data.ScatterDataSet","pkg":"com.github.mikephil.charting.data","inject":"true","uri":"///home/nima/Developer/AutoFixer/Evaluation/Projects/MPAndroidChart/MPChartLib/src/main/java/com/github/mikephil/charting/data/ScatterDataSet.java"},{"annotation":"androidx.annotation.Nullable","followups":[],"method":"ViewPortJob(com.github.mikephil.charting.utils.ViewPortHandler,float,float,com.github.mikephil.charting.utils.Transformer,android.view.View)","param":"v","effect":-22,"index":"4","location":"PARAMETER","finished":false,"class":"com.github.mikephil.charting.jobs.ViewPortJob","pkg":"com.github.mikephil.charting.jobs","inject":"true","uri":"///home/nima/Developer/AutoFixer/Evaluation/Projects/MPAndroidChart/MPChartLib/src/main/java/com/github/mikephil/charting/jobs/ViewPortJob.java"},{"annotation":"androidx.annotation.Nullable","followups":[],"method":"null","param":"yAxis","effect":-22,"index":"null","location":"FIELD","finished":false,"class":"com.github.mikephil.charting.jobs.AnimatedZoomJob","pkg":"com.github.mikephil.charting.jobs","inject":"true","uri":"///home/nima/Developer/AutoFixer/Evaluation/Projects/MPAndroidChart/MPChartLib/src/main/java/com/github/mikephil/charting/jobs/AnimatedZoomJob.java"},{"annotation":"androidx.annotation.Nullable","followups":[],"method":"getBarData()","param":"null","effect":-23,"index":"null","location":"METHOD","finished":false,"class":"com.github.mikephil.charting.interfaces.dataprovider.BarDataProvider","pkg":"com.github.mikephil.charting.interfaces.dataprovider","inject":"true","uri":"///home/nima/Developer/AutoFixer/Evaluation/Projects/MPAndroidChart/MPChartLib/src/main/java/com/github/mikephil/charting/interfaces/dataprovider/BarDataProvider.java"},{"annotation":"androidx.annotation.Nullable","followups":[],"method":"ViewPortJob(com.github.mikephil.charting.utils.ViewPortHandler,float,float,com.github.mikephil.charting.utils.Transformer,android.view.View)","param":"trans","effect":-23,"index":"3","location":"PARAMETER","finished":false,"class":"com.github.mikephil.charting.jobs.ViewPortJob","pkg":"com.github.mikephil.charting.jobs","inject":"true","uri":"///home/nima/Developer/AutoFixer/Evaluation/Projects/MPAndroidChart/MPChartLib/src/main/java/com/github/mikephil/charting/jobs/ViewPortJob.java"},{"annotation":"androidx.annotation.Nullable","followups":[],"method":"ViewPortJob(com.github.mikephil.charting.utils.ViewPortHandler,float,float,com.github.mikephil.charting.utils.Transformer,android.view.View)","param":"viewPortHandler","effect":-24,"index":"0","location":"PARAMETER","finished":false,"class":"com.github.mikephil.charting.jobs.ViewPortJob","pkg":"com.github.mikephil.charting.jobs","inject":"true","uri":"///home/nima/Developer/AutoFixer/Evaluation/Projects/MPAndroidChart/MPChartLib/src/main/java/com/github/mikephil/charting/jobs/ViewPortJob.java"},{"annotation":"androidx.annotation.Nullable","followups":[],"method":"null","param":"axisDependency","effect":-26,"index":"null","location":"FIELD","finished":false,"class":"com.github.mikephil.charting.jobs.ZoomJob","pkg":"com.github.mikephil.charting.jobs","inject":"true","uri":"///home/nima/Developer/AutoFixer/Evaluation/Projects/MPAndroidChart/MPChartLib/src/main/java/com/github/mikephil/charting/jobs/ZoomJob.java"},{"annotation":"androidx.annotation.Nullable","followups":[],"method":"AnimatedViewPortJob(com.github.mikephil.charting.utils.ViewPortHandler,float,float,com.github.mikephil.charting.utils.Transformer,android.view.View,float,float,long)","param":"v","effect":-28,"index":"4","location":"PARAMETER","finished":false,"class":"com.github.mikephil.charting.jobs.AnimatedViewPortJob","pkg":"com.github.mikephil.charting.jobs","inject":"true","uri":"///home/nima/Developer/AutoFixer/Evaluation/Projects/MPAndroidChart/MPChartLib/src/main/java/com/github/mikephil/charting/jobs/AnimatedViewPortJob.java"},{"annotation":"androidx.annotation.Nullable","followups":[],"method":"AnimatedViewPortJob(com.github.mikephil.charting.utils.ViewPortHandler,float,float,com.github.mikephil.charting.utils.Transformer,android.view.View,float,float,long)","param":"trans","effect":-30,"index":"3","location":"PARAMETER","finished":false,"class":"com.github.mikephil.charting.jobs.AnimatedViewPortJob","pkg":"com.github.mikephil.charting.jobs","inject":"true","uri":"///home/nima/Developer/AutoFixer/Evaluation/Projects/MPAndroidChart/MPChartLib/src/main/java/com/github/mikephil/charting/jobs/AnimatedViewPortJob.java"},{"annotation":"androidx.annotation.Nullable","followups":[],"method":"getLineData()","param":"null","effect":-31,"index":"null","location":"METHOD","finished":false,"class":"com.github.mikephil.charting.interfaces.dataprovider.LineDataProvider","pkg":"com.github.mikephil.charting.interfaces.dataprovider","inject":"true","uri":"///home/nima/Developer/AutoFixer/Evaluation/Projects/MPAndroidChart/MPChartLib/src/main/java/com/github/mikephil/charting/interfaces/dataprovider/LineDataProvider.java"},{"annotation":"androidx.annotation.Nullable","followups":[],"method":"AnimatedViewPortJob(com.github.mikephil.charting.utils.ViewPortHandler,float,float,com.github.mikephil.charting.utils.Transformer,android.view.View,float,float,long)","param":"viewPortHandler","effect":-32,"index":"0","location":"PARAMETER","finished":false,"class":"com.github.mikephil.charting.jobs.AnimatedViewPortJob","pkg":"com.github.mikephil.charting.jobs","inject":"true","uri":"///home/nima/Developer/AutoFixer/Evaluation/Projects/MPAndroidChart/MPChartLib/src/main/java/com/github/mikephil/charting/jobs/AnimatedViewPortJob.java"},{"annotation":"androidx.annotation.Nullable","followups":[],"method":"getScatterData()","param":"null","effect":-33,"index":"null","location":"METHOD","finished":false,"class":"com.github.mikephil.charting.interfaces.dataprovider.ScatterDataProvider","pkg":"com.github.mikephil.charting.interfaces.dataprovider","inject":"true","uri":"///home/nima/Developer/AutoFixer/Evaluation/Projects/MPAndroidChart/MPChartLib/src/main/java/com/github/mikephil/charting/interfaces/dataprovider/ScatterDataProvider.java"},{"annotation":"androidx.annotation.Nullable","followups":[],"method":"getCandleData()","param":"null","effect":-33,"index":"null","location":"METHOD","finished":false,"class":"com.github.mikephil.charting.interfaces.dataprovider.CandleDataProvider","pkg":"com.github.mikephil.charting.interfaces.dataprovider","inject":"true","uri":"///home/nima/Developer/AutoFixer/Evaluation/Projects/MPAndroidChart/MPChartLib/src/main/java/com/github/mikephil/charting/interfaces/dataprovider/CandleDataProvider.java"},{"annotation":"androidx.annotation.Nullable","followups":[],"method":"getLabels()","param":"null","effect":-33,"index":"null","location":"METHOD","finished":false,"class":"com.github.mikephil.charting.data.RadarData","pkg":"com.github.mikephil.charting.data","inject":"true","uri":"///home/nima/Developer/AutoFixer/Evaluation/Projects/MPAndroidChart/MPChartLib/src/main/java/com/github/mikephil/charting/data/RadarData.java"},{"annotation":"androidx.annotation.Nullable","followups":[],"method":"getRanges()","param":"null","effect":-34,"index":"null","location":"METHOD","finished":false,"class":"com.github.mikephil.charting.data.BarEntry","pkg":"com.github.mikephil.charting.data","inject":"true","uri":"///home/nima/Developer/AutoFixer/Evaluation/Projects/MPAndroidChart/MPChartLib/src/main/java/com/github/mikephil/charting/data/BarEntry.java"},{"annotation":"androidx.annotation.Nullable","followups":[],"method":"getBubbleData()","param":"null","effect":-34,"index":"null","location":"METHOD","finished":false,"class":"com.github.mikephil.charting.interfaces.dataprovider.BubbleDataProvider","pkg":"com.github.mikephil.charting.interfaces.dataprovider","inject":"true","uri":"///home/nima/Developer/AutoFixer/Evaluation/Projects/MPAndroidChart/MPChartLib/src/main/java/com/github/mikephil/charting/interfaces/dataprovider/BubbleDataProvider.java"},{"annotation":"androidx.annotation.Nullable","followups":[],"method":"PieEntry(float,java.lang.String,java.lang.Object)","param":"label","effect":-34,"index":"1","location":"PARAMETER","finished":false,"class":"com.github.mikephil.charting.data.PieEntry","pkg":"com.github.mikephil.charting.data","inject":"true","uri":"///home/nima/Developer/AutoFixer/Evaluation/Projects/MPAndroidChart/MPChartLib/src/main/java/com/github/mikephil/charting/data/PieEntry.java"},{"annotation":"androidx.annotation.Nullable","followups":[],"method":"getDrawOrder()","param":"null","effect":-35,"index":"null","location":"METHOD","finished":false,"class":"com.github.mikephil.charting.charts.CombinedChart","pkg":"com.github.mikephil.charting.charts","inject":"true","uri":"///home/nima/Developer/AutoFixer/Evaluation/Projects/MPAndroidChart/MPChartLib/src/main/java/com/github/mikephil/charting/charts/CombinedChart.java"},{"annotation":"androidx.annotation.Nullable","followups":[],"method":"getLabel()","param":"null","effect":-35,"index":"null","location":"METHOD","finished":false,"class":"com.github.mikephil.charting.data.PieEntry","pkg":"com.github.mikephil.charting.data","inject":"true","uri":"///home/nima/Developer/AutoFixer/Evaluation/Projects/MPAndroidChart/MPChartLib/src/main/java/com/github/mikephil/charting/data/PieEntry.java"},{"annotation":"androidx.annotation.Nullable","followups":[],"method":"getHighlight(float,float)","param":"null","effect":-37,"index":"null","location":"METHOD","finished":false,"class":"com.github.mikephil.charting.highlight.ChartHighlighter","pkg":"com.github.mikephil.charting.highlight","inject":"true","uri":"///home/nima/Developer/AutoFixer/Evaluation/Projects/MPAndroidChart/MPChartLib/src/main/java/com/github/mikephil/charting/highlight/ChartHighlighter.java"}]}