MESSAGE_TYPE	MESSAGE	CLASS	METHOD
METHOD_NO_INIT	initializer method does not guarantee @NonNull fields mBorderPaint (line 92), mAxisLeft (line 124), mAxisRight (line 129), mAxisRendererLeft (line 131), mAxisRendererRight (line 133), mLeftAxisTransformer (line 135), mRightAxisTransformer (line 137), mXAxisRenderer (line 139) are initialized along all control-flow paths (remember to check for exceptions or early returns).	com.github.mikephil.charting.charts.BarLineChartBase	null
METHOD_NO_INIT	initializer method does not guarantee @NonNull fields mBorderPaint (line 92), mAxisLeft (line 124), mAxisRight (line 129), mAxisRendererLeft (line 131), mAxisRendererRight (line 133), mLeftAxisTransformer (line 135), mRightAxisTransformer (line 137), mXAxisRenderer (line 139) are initialized along all control-flow paths (remember to check for exceptions or early returns).	com.github.mikephil.charting.charts.BarLineChartBase	null
METHOD_NO_INIT	initializer method does not guarantee @NonNull fields mBorderPaint (line 92), mAxisLeft (line 124), mAxisRight (line 129), mAxisRendererLeft (line 131), mAxisRendererRight (line 133), mLeftAxisTransformer (line 135), mRightAxisTransformer (line 137), mXAxisRenderer (line 139) are initialized along all control-flow paths (remember to check for exceptions or early returns).	com.github.mikephil.charting.charts.BarLineChartBase	null
DEREFERENCE_NULLABLE	dereferenced expression mGridBackgroundPaint is @Nullable	com.github.mikephil.charting.charts.BarLineChartBase	setGridBackgroundColor(int)
METHOD_NO_INIT	initializer method does not guarantee @NonNull fields mInfoPaint (line 111), mXAxis (line 116), mChartTouchListener (line 141), mLegendRenderer (line 154), mRenderer (line 159), mHighlighter (line 161), mAnimator (line 171), mIndicesToHighlight (line 432) are initialized along all control-flow paths (remember to check for exceptions or early returns).	com.github.mikephil.charting.charts.Chart	null
METHOD_NO_INIT	initializer method does not guarantee @NonNull fields mInfoPaint (line 111), mXAxis (line 116), mChartTouchListener (line 141), mLegendRenderer (line 154), mRenderer (line 159), mHighlighter (line 161), mAnimator (line 171), mIndicesToHighlight (line 432) are initialized along all control-flow paths (remember to check for exceptions or early returns).	com.github.mikephil.charting.charts.Chart	null
METHOD_NO_INIT	initializer method does not guarantee @NonNull fields mInfoPaint (line 111), mXAxis (line 116), mChartTouchListener (line 141), mLegendRenderer (line 154), mRenderer (line 159), mHighlighter (line 161), mAnimator (line 171), mIndicesToHighlight (line 432) are initialized along all control-flow paths (remember to check for exceptions or early returns).	com.github.mikephil.charting.charts.Chart	null
ASSIGN_FIELD_NULLABLE	assigning @Nullable expression to @NonNull field	com.github.mikephil.charting.charts.Chart	null
ASSIGN_FIELD_NULLABLE	assigning @Nullable expression to @NonNull field	com.github.mikephil.charting.charts.Chart	clear()
ASSIGN_FIELD_NULLABLE	assigning @Nullable expression to @NonNull field	com.github.mikephil.charting.charts.Chart	clear()
DEREFERENCE_NULLABLE	dereferenced expression mDescPaint is @Nullable	com.github.mikephil.charting.charts.Chart	drawDescription(android.graphics.Canvas)
ASSIGN_FIELD_NULLABLE	assigning @Nullable expression to @NonNull field	com.github.mikephil.charting.charts.Chart	highlightValue(com.github.mikephil.charting.highlight.Highlight,boolean)
ASSIGN_FIELD_NULLABLE	assigning @Nullable expression to @NonNull field	com.github.mikephil.charting.charts.Chart	highlightValue(com.github.mikephil.charting.highlight.Highlight,boolean)
RETURN_NULLABLE	returning @Nullable expression from method with @NonNull return type	com.github.mikephil.charting.data.ChartData	getDataSetByIndex(int)
PASS_NULLABLE	passing @Nullable parameter 'set.getEntryForXValue(e.getX(), e.getY())' where @NonNull is required	com.github.mikephil.charting.data.ChartData	getDataSetForEntry(com.github.mikephil.charting.data.Entry)
RETURN_NULLABLE	returning @Nullable expression from method with @NonNull return type	com.github.mikephil.charting.data.ChartData	getMaxEntryCountSet()
RETURN_NULLABLE	returning @Nullable expression from method with @NonNull return type	com.github.mikephil.charting.data.BaseEntry	getData()
METHOD_NO_INIT	initializer method does not guarantee @NonNull field mValueFormatter (line 53) is initialized along all control-flow paths (remember to check for exceptions or early returns).	com.github.mikephil.charting.data.BaseDataSet	null
ASSIGN_FIELD_NULLABLE	assigning @Nullable expression to @NonNull field	com.github.mikephil.charting.data.BaseDataSet	null
ASSIGN_FIELD_NULLABLE	assigning @Nullable expression to @NonNull field	com.github.mikephil.charting.data.BaseDataSet	null
PASS_NULLABLE	passing @Nullable parameter 'e' where @NonNull is required	com.github.mikephil.charting.data.BaseDataSet	removeEntryByXValue(float)
RETURN_NULLABLE	returning @Nullable expression from method with @NonNull return type	com.github.mikephil.charting.highlight.Highlight	getAxis()
METHOD_NO_INIT	initializer method does not guarantee @NonNull field mZeroLinePaint (line 24) is initialized along all control-flow paths (remember to check for exceptions or early returns).	com.github.mikephil.charting.renderer.YAxisRenderer	null
METHOD_NO_INIT	initializer method does not guarantee @NonNull fields mTrans (line 29), mGridPaint (line 34), mAxisLabelPaint (line 39), mAxisLinePaint (line 44), mLimitLinePaint (line 49) are initialized along all control-flow paths (remember to check for exceptions or early returns).	com.github.mikephil.charting.renderer.AxisRenderer	null
ASSIGN_FIELD_NULLABLE	assigning @Nullable expression to @NonNull field	com.github.mikephil.charting.renderer.AxisRenderer	AxisRenderer(com.github.mikephil.charting.utils.ViewPortHandler,com.github.mikephil.charting.utils.Transformer,com.github.mikephil.charting.components.AxisBase)
ASSIGN_FIELD_NULLABLE	assigning @Nullable expression to @NonNull field	com.github.mikephil.charting.data.LineDataSet	null
DEREFERENCE_NULLABLE	dereferenced expression mFormat is @Nullable	com.github.mikephil.charting.formatter.DefaultValueFormatter	getFormattedValue(float,com.github.mikephil.charting.data.Entry,int,com.github.mikephil.charting.utils.ViewPortHandler)
PASS_NULLABLE	passing @Nullable parameter 'e.label' where @NonNull is required	com.github.mikephil.charting.renderer.LegendRenderer	renderLegend(android.graphics.Canvas)
RETURN_NULLABLE	returning @Nullable expression from method with @NonNull return type	com.github.mikephil.charting.highlight.ChartHighlighter	getHighlight(float,float)
RETURN_NULLABLE	returning @Nullable expression from method with @NonNull return type	com.github.mikephil.charting.data.BarEntry	getRanges()
RETURN_NULLABLE	returning @Nullable expression from method with @NonNull return type	com.github.mikephil.charting.utils.Fill	getGradientColors()
WRONG_OVERRIDE_RETURN	method returns @Nullable, but superclass method com.github.mikephil.charting.interfaces.dataprovider.LineDataProvider.getLineData() returns @NonNull	com.github.mikephil.charting.charts.CombinedChart	getLineData()
WRONG_OVERRIDE_RETURN	method returns @Nullable, but superclass method com.github.mikephil.charting.interfaces.dataprovider.BarDataProvider.getBarData() returns @NonNull	com.github.mikephil.charting.charts.CombinedChart	getBarData()
WRONG_OVERRIDE_RETURN	method returns @Nullable, but superclass method com.github.mikephil.charting.interfaces.dataprovider.ScatterDataProvider.getScatterData() returns @NonNull	com.github.mikephil.charting.charts.CombinedChart	getScatterData()
WRONG_OVERRIDE_RETURN	method returns @Nullable, but superclass method com.github.mikephil.charting.interfaces.dataprovider.CandleDataProvider.getCandleData() returns @NonNull	com.github.mikephil.charting.charts.CombinedChart	getCandleData()
WRONG_OVERRIDE_RETURN	method returns @Nullable, but superclass method com.github.mikephil.charting.interfaces.dataprovider.BubbleDataProvider.getBubbleData() returns @NonNull	com.github.mikephil.charting.charts.CombinedChart	getBubbleData()
RETURN_NULLABLE	returning @Nullable expression from method with @NonNull return type	com.github.mikephil.charting.charts.CombinedChart	getDrawOrder()
DEREFERENCE_NULLABLE	dereferenced expression set is @Nullable	com.github.mikephil.charting.charts.CombinedChart	drawMarkers(android.graphics.Canvas)
ASSIGN_FIELD_NULLABLE	assigning @Nullable expression to @NonNull field	com.github.mikephil.charting.charts.PieChart	init()
WRONG_OVERRIDE_RETURN	method returns @Nullable, but superclass method com.github.mikephil.charting.data.ChartData.getDataSetByIndex(int) returns @NonNull	com.github.mikephil.charting.data.PieData	getDataSetByIndex(int)
RETURN_NULLABLE	returning @Nullable expression from method with @NonNull return type	com.github.mikephil.charting.data.PieEntry	getLabel()
PASS_NULLABLE	passing @Nullable parameter 'label' where @NonNull is required	com.github.mikephil.charting.data.PieEntry	copy()
METHOD_NO_INIT	initializer method does not guarantee @NonNull fields mYAxis (line 64), mYAxisRenderer (line 66), mXAxisRenderer (line 68) are initialized along all control-flow paths (remember to check for exceptions or early returns).	com.github.mikephil.charting.charts.RadarChart	null
METHOD_NO_INIT	initializer method does not guarantee @NonNull fields mYAxis (line 64), mYAxisRenderer (line 66), mXAxisRenderer (line 68) are initialized along all control-flow paths (remember to check for exceptions or early returns).	com.github.mikephil.charting.charts.RadarChart	null
METHOD_NO_INIT	initializer method does not guarantee @NonNull fields mYAxis (line 64), mYAxisRenderer (line 66), mXAxisRenderer (line 68) are initialized along all control-flow paths (remember to check for exceptions or early returns).	com.github.mikephil.charting.charts.RadarChart	null
RETURN_NULLABLE	returning @Nullable expression from method with @NonNull return type	com.github.mikephil.charting.data.RadarData	getLabels()
PASS_NULLABLE	passing @Nullable parameter 'viewPortHandler' where @NonNull is required	com.github.mikephil.charting.jobs.AnimatedMoveViewJob	AnimatedMoveViewJob(com.github.mikephil.charting.utils.ViewPortHandler,float,float,com.github.mikephil.charting.utils.Transformer,android.view.View,float,float,long)
PASS_NULLABLE	passing @Nullable parameter 'trans' where @NonNull is required	com.github.mikephil.charting.jobs.AnimatedMoveViewJob	AnimatedMoveViewJob(com.github.mikephil.charting.utils.ViewPortHandler,float,float,com.github.mikephil.charting.utils.Transformer,android.view.View,float,float,long)
PASS_NULLABLE	passing @Nullable parameter 'v' where @NonNull is required	com.github.mikephil.charting.jobs.AnimatedMoveViewJob	AnimatedMoveViewJob(com.github.mikephil.charting.utils.ViewPortHandler,float,float,com.github.mikephil.charting.utils.Transformer,android.view.View,float,float,long)
METHOD_NO_INIT	initializer method does not guarantee @NonNull field axisDependency (line 45) is initialized along all control-flow paths (remember to check for exceptions or early returns).	com.github.mikephil.charting.jobs.ZoomJob	null
PASS_NULLABLE	passing @Nullable parameter 'viewPortHandler' where @NonNull is required	com.github.mikephil.charting.jobs.ZoomJob	ZoomJob(com.github.mikephil.charting.utils.ViewPortHandler,float,float,float,float,com.github.mikephil.charting.utils.Transformer,com.github.mikephil.charting.components.YAxis.AxisDependency,android.view.View)
PASS_NULLABLE	passing @Nullable parameter 'trans' where @NonNull is required	com.github.mikephil.charting.jobs.ZoomJob	ZoomJob(com.github.mikephil.charting.utils.ViewPortHandler,float,float,float,float,com.github.mikephil.charting.utils.Transformer,com.github.mikephil.charting.components.YAxis.AxisDependency,android.view.View)
PASS_NULLABLE	passing @Nullable parameter 'v' where @NonNull is required	com.github.mikephil.charting.jobs.ZoomJob	ZoomJob(com.github.mikephil.charting.utils.ViewPortHandler,float,float,float,float,com.github.mikephil.charting.utils.Transformer,com.github.mikephil.charting.components.YAxis.AxisDependency,android.view.View)
ASSIGN_FIELD_NULLABLE	assigning @Nullable expression to @NonNull field	com.github.mikephil.charting.jobs.ZoomJob	ZoomJob(com.github.mikephil.charting.utils.ViewPortHandler,float,float,float,float,com.github.mikephil.charting.utils.Transformer,com.github.mikephil.charting.components.YAxis.AxisDependency,android.view.View)
PASS_NULLABLE	passing @Nullable parameter 'viewPortHandler' where @NonNull is required	com.github.mikephil.charting.jobs.MoveViewJob	MoveViewJob(com.github.mikephil.charting.utils.ViewPortHandler,float,float,com.github.mikephil.charting.utils.Transformer,android.view.View)
PASS_NULLABLE	passing @Nullable parameter 'trans' where @NonNull is required	com.github.mikephil.charting.jobs.MoveViewJob	MoveViewJob(com.github.mikephil.charting.utils.ViewPortHandler,float,float,com.github.mikephil.charting.utils.Transformer,android.view.View)
PASS_NULLABLE	passing @Nullable parameter 'v' where @NonNull is required	com.github.mikephil.charting.jobs.MoveViewJob	MoveViewJob(com.github.mikephil.charting.utils.ViewPortHandler,float,float,com.github.mikephil.charting.utils.Transformer,android.view.View)
METHOD_NO_INIT	initializer method does not guarantee @NonNull field yAxis (line 51) is initialized along all control-flow paths (remember to check for exceptions or early returns).	com.github.mikephil.charting.jobs.AnimatedZoomJob	null
PASS_NULLABLE	passing @Nullable parameter 'viewPortHandler' where @NonNull is required	com.github.mikephil.charting.jobs.AnimatedZoomJob	AnimatedZoomJob(com.github.mikephil.charting.utils.ViewPortHandler,android.view.View,com.github.mikephil.charting.utils.Transformer,com.github.mikephil.charting.components.YAxis,float,float,float,float,float,float,float,float,float,long)
PASS_NULLABLE	passing @Nullable parameter 'trans' where @NonNull is required	com.github.mikephil.charting.jobs.AnimatedZoomJob	AnimatedZoomJob(com.github.mikephil.charting.utils.ViewPortHandler,android.view.View,com.github.mikephil.charting.utils.Transformer,com.github.mikephil.charting.components.YAxis,float,float,float,float,float,float,float,float,float,long)
PASS_NULLABLE	passing @Nullable parameter 'v' where @NonNull is required	com.github.mikephil.charting.jobs.AnimatedZoomJob	AnimatedZoomJob(com.github.mikephil.charting.utils.ViewPortHandler,android.view.View,com.github.mikephil.charting.utils.Transformer,com.github.mikephil.charting.components.YAxis,float,float,float,float,float,float,float,float,float,long)
ASSIGN_FIELD_NULLABLE	assigning @Nullable expression to @NonNull field	com.github.mikephil.charting.jobs.AnimatedZoomJob	AnimatedZoomJob(com.github.mikephil.charting.utils.ViewPortHandler,android.view.View,com.github.mikephil.charting.utils.Transformer,com.github.mikephil.charting.components.YAxis,float,float,float,float,float,float,float,float,float,long)
ASSIGN_FIELD_NULLABLE	assigning @Nullable expression to @NonNull field	com.github.mikephil.charting.data.BarDataSet	null
ASSIGN_FIELD_NULLABLE	assigning @Nullable expression to @NonNull field	com.github.mikephil.charting.data.ScatterDataSet	setScatterShape(com.github.mikephil.charting.charts.ScatterChart.ScatterShape)
METHOD_NO_INIT	initializer method does not guarantee @NonNull fields mCenterTextLayout (line 59), mBitmapCanvas (line 74) are initialized along all control-flow paths (remember to check for exceptions or early returns).	com.github.mikephil.charting.renderer.PieChartRenderer	null
DEREFERENCE_NULLABLE	dereferenced expression mDrawBitmap is @Nullable	com.github.mikephil.charting.renderer.PieChartRenderer	drawExtras(android.graphics.Canvas)
ASSIGN_FIELD_NULLABLE	assigning @Nullable expression to @NonNull field	com.github.mikephil.charting.renderer.PieChartRenderer	releaseBitmap()
DEREFERENCE_NULLABLE	dereferenced expression entry is @Nullable	com.github.mikephil.charting.renderer.BubbleChartRenderer	drawHighlighted(android.graphics.Canvas,com.github.mikephil.charting.highlight.Highlight[])
PASS_NULLABLE	passing @Nullable parameter 'e' where @NonNull is required	com.github.mikephil.charting.renderer.CandleStickChartRenderer	drawHighlighted(android.graphics.Canvas,com.github.mikephil.charting.highlight.Highlight[])
DEREFERENCE_NULLABLE	dereferenced expression e is @Nullable	com.github.mikephil.charting.renderer.CandleStickChartRenderer	drawHighlighted(android.graphics.Canvas,com.github.mikephil.charting.highlight.Highlight[])
METHOD_NO_INIT	initializer method does not guarantee @NonNull field mBitmapCanvas (line 49) is initialized along all control-flow paths (remember to check for exceptions or early returns).	com.github.mikephil.charting.renderer.LineChartRenderer	null
PASS_NULLABLE	passing @Nullable parameter 'e' where @NonNull is required	com.github.mikephil.charting.renderer.LineChartRenderer	drawHighlighted(android.graphics.Canvas,com.github.mikephil.charting.highlight.Highlight[])
DEREFERENCE_NULLABLE	dereferenced expression e is @Nullable	com.github.mikephil.charting.renderer.LineChartRenderer	drawHighlighted(android.graphics.Canvas,com.github.mikephil.charting.highlight.Highlight[])
ASSIGN_FIELD_NULLABLE	assigning @Nullable expression to @NonNull field	com.github.mikephil.charting.renderer.LineChartRenderer	releaseBitmap()
FIELD_NO_INIT	@NonNull field LineChartRenderer$DataSetImageCache.circleBitmaps not initialized	com.github.mikephil.charting.renderer.LineChartRenderer	null
METHOD_NO_INIT	initializer method does not guarantee @NonNull field mBarBuffers (line 33) is initialized along all control-flow paths (remember to check for exceptions or early returns).	com.github.mikephil.charting.renderer.BarChartRenderer	null
PASS_NULLABLE	passing @Nullable parameter 'e' where @NonNull is required	com.github.mikephil.charting.renderer.BarChartRenderer	drawHighlighted(android.graphics.Canvas,com.github.mikephil.charting.highlight.Highlight[])
DEREFERENCE_NULLABLE	dereferenced expression e is @Nullable	com.github.mikephil.charting.renderer.BarChartRenderer	drawHighlighted(android.graphics.Canvas,com.github.mikephil.charting.highlight.Highlight[])
DEREFERENCE_NULLABLE	dereferenced expression e is @Nullable	com.github.mikephil.charting.renderer.BarChartRenderer	drawHighlighted(android.graphics.Canvas,com.github.mikephil.charting.highlight.Highlight[])
DEREFERENCE_NULLABLE	dereferenced expression e is @Nullable	com.github.mikephil.charting.renderer.BarChartRenderer	drawHighlighted(android.graphics.Canvas,com.github.mikephil.charting.highlight.Highlight[])
DEREFERENCE_NULLABLE	dereferenced expression e is @Nullable	com.github.mikephil.charting.renderer.BarChartRenderer	drawHighlighted(android.graphics.Canvas,com.github.mikephil.charting.highlight.Highlight[])
PASS_NULLABLE	passing @Nullable parameter 'e' where @NonNull is required	com.github.mikephil.charting.renderer.ScatterChartRenderer	drawHighlighted(android.graphics.Canvas,com.github.mikephil.charting.highlight.Highlight[])
DEREFERENCE_NULLABLE	dereferenced expression e is @Nullable	com.github.mikephil.charting.renderer.ScatterChartRenderer	drawHighlighted(android.graphics.Canvas,com.github.mikephil.charting.highlight.Highlight[])
WRONG_OVERRIDE_RETURN	method returns @Nullable, but superclass method com.github.mikephil.charting.highlight.ChartHighlighter.getHighlight(float,float) returns @NonNull	com.github.mikephil.charting.highlight.BarHighlighter	getHighlight(float,float)
WRONG_OVERRIDE_RETURN	method returns @Nullable, but superclass method com.github.mikephil.charting.highlight.IHighlighter.getHighlight(float,float) returns @NonNull	com.github.mikephil.charting.highlight.PieRadarHighlighter	getHighlight(float,float)
WRONG_OVERRIDE_RETURN	method returns @Nullable, but superclass method com.github.mikephil.charting.highlight.PieRadarHighlighter.getClosestHighlight(int,float,float) returns @NonNull	com.github.mikephil.charting.highlight.RadarHighlighter	getClosestHighlight(int,float,float)
DEREFERENCE_NULLABLE	dereferenced expression velocityTracker is @Nullable	com.github.mikephil.charting.listener.BarLineChartTouchListener	onTouch(android.view.View,android.view.MotionEvent)
PASS_NULLABLE	passing @Nullable parameter 'mVelocityTracker' where @NonNull is required	com.github.mikephil.charting.listener.BarLineChartTouchListener	onTouch(android.view.View,android.view.MotionEvent)
