location	class	method	param	index	uri	field
METHOD	com.netflix.zuul.netty.connectionpool.PooledConnection	setInUse()	null	null	file:///home/nima/Developer/AutoFixer/Evaluation/Projects/zuul/zuul-core/src/main/java/com/netflix/zuul/netty/connectionpool/PooledConnection.java	connectionState
METHOD	com.netflix.zuul.netty.connectionpool.PooledConnection	setConnectionState(com.netflix.zuul.netty.connectionpool.PooledConnection.ConnectionState)	null	null	file:///home/nima/Developer/AutoFixer/Evaluation/Projects/zuul/zuul-core/src/main/java/com/netflix/zuul/netty/connectionpool/PooledConnection.java	connectionState
METHOD	com.netflix.zuul.plugins.Tracer.SpectatorTracer	setName(java.lang.String)	null	null	file:///home/nima/Developer/AutoFixer/Evaluation/Projects/zuul/zuul-core/src/main/java/com/netflix/zuul/plugins/Tracer.java	name
METHOD	com.netflix.zuul.filters.endpoint.ProxyEndpoint	handleNoOriginSelected()	null	null	file:///home/nima/Developer/AutoFixer/Evaluation/Projects/zuul/zuul-core/src/main/java/com/netflix/zuul/filters/endpoint/ProxyEndpoint.java	zuulResponse
METHOD	com.netflix.zuul.filters.endpoint.ProxyEndpoint	handleOriginSuccessResponse(io.netty.handler.codec.http.HttpResponse,com.netflix.loadbalancer.Server)	null	null	file:///home/nima/Developer/AutoFixer/Evaluation/Projects/zuul/zuul-core/src/main/java/com/netflix/zuul/filters/endpoint/ProxyEndpoint.java	zuulResponse
METHOD	com.netflix.zuul.netty.server.Server	start(boolean)	null	null	file:///home/nima/Developer/AutoFixer/Evaluation/Projects/zuul/zuul-core/src/main/java/com/netflix/zuul/netty/server/Server.java	serverGroup
METHOD	com.netflix.zuul.netty.server.Server.ServerGroup	initializeTransport()	null	null	file:///home/nima/Developer/AutoFixer/Evaluation/Projects/zuul/zuul-core/src/main/java/com/netflix/zuul/netty/server/Server.java	clientToProxyWorkerPool
METHOD	com.netflix.zuul.netty.server.Server.ServerGroup	initializeTransport()	null	null	file:///home/nima/Developer/AutoFixer/Evaluation/Projects/zuul/zuul-core/src/main/java/com/netflix/zuul/netty/server/Server.java	clientToProxyWorkerPool
METHOD	com.netflix.zuul.netty.server.Server.ServerGroup	initializeTransport()	null	null	file:///home/nima/Developer/AutoFixer/Evaluation/Projects/zuul/zuul-core/src/main/java/com/netflix/zuul/netty/server/Server.java	clientToProxyWorkerPool
METHOD	com.netflix.zuul.netty.server.Server.ServerGroup	initializeTransport()	null	null	file:///home/nima/Developer/AutoFixer/Evaluation/Projects/zuul/zuul-core/src/main/java/com/netflix/zuul/netty/server/Server.java	transportChannelOptions
METHOD	com.netflix.zuul.netty.server.push.PushRegistrationHandler	userEventTriggered(io.netty.channel.ChannelHandlerContext,java.lang.Object)	null	null	file:///home/nima/Developer/AutoFixer/Evaluation/Projects/zuul/zuul-core/src/main/java/com/netflix/zuul/netty/server/push/PushRegistrationHandler.java	ctx
METHOD	com.netflix.zuul.netty.connectionpool.DefaultClientChannelManager	init()	null	null	file:///home/nima/Developer/AutoFixer/Evaluation/Projects/zuul/zuul-core/src/main/java/com/netflix/zuul/netty/connectionpool/DefaultClientChannelManager.java	channelInitializer
METHOD	com.netflix.zuul.netty.connectionpool.DefaultClientChannelManager	init()	null	null	file:///home/nima/Developer/AutoFixer/Evaluation/Projects/zuul/zuul-core/src/main/java/com/netflix/zuul/netty/connectionpool/DefaultClientChannelManager.java	clientConnFactory
METHOD	com.netflix.zuul.message.ZuulMessageImpl	setHeaders(com.netflix.zuul.message.Headers)	null	null	file:///home/nima/Developer/AutoFixer/Evaluation/Projects/zuul/zuul-core/src/main/java/com/netflix/zuul/message/ZuulMessageImpl.java	headers
METHOD	com.netflix.zuul.message.http.HttpRequestMessageImpl	setProtocol(java.lang.String)	null	null	file:///home/nima/Developer/AutoFixer/Evaluation/Projects/zuul/zuul-core/src/main/java/com/netflix/zuul/message/http/HttpRequestMessageImpl.java	protocol
METHOD	com.netflix.zuul.message.http.HttpRequestMessageImpl	setMethod(java.lang.String)	null	null	file:///home/nima/Developer/AutoFixer/Evaluation/Projects/zuul/zuul-core/src/main/java/com/netflix/zuul/message/http/HttpRequestMessageImpl.java	method
METHOD	com.netflix.zuul.message.http.HttpRequestMessageImpl	setPath(java.lang.String)	null	null	file:///home/nima/Developer/AutoFixer/Evaluation/Projects/zuul/zuul-core/src/main/java/com/netflix/zuul/message/http/HttpRequestMessageImpl.java	path
METHOD	com.netflix.zuul.message.http.HttpRequestMessageImpl	setPath(java.lang.String)	null	null	file:///home/nima/Developer/AutoFixer/Evaluation/Projects/zuul/zuul-core/src/main/java/com/netflix/zuul/message/http/HttpRequestMessageImpl.java	decodedPath
METHOD	com.netflix.zuul.message.http.HttpRequestMessageImpl	setClientIp(java.lang.String)	null	null	file:///home/nima/Developer/AutoFixer/Evaluation/Projects/zuul/zuul-core/src/main/java/com/netflix/zuul/message/http/HttpRequestMessageImpl.java	clientIp
METHOD	com.netflix.zuul.message.http.HttpRequestMessageImpl	setScheme(java.lang.String)	null	null	file:///home/nima/Developer/AutoFixer/Evaluation/Projects/zuul/zuul-core/src/main/java/com/netflix/zuul/message/http/HttpRequestMessageImpl.java	scheme
METHOD	com.netflix.zuul.message.http.HttpRequestMessageImpl	setServerName(java.lang.String)	null	null	file:///home/nima/Developer/AutoFixer/Evaluation/Projects/zuul/zuul-core/src/main/java/com/netflix/zuul/message/http/HttpRequestMessageImpl.java	serverName
METHOD	com.netflix.zuul.message.http.HttpRequestMessageImpl	setQueryParams(com.netflix.zuul.message.http.HttpQueryParams)	null	null	file:///home/nima/Developer/AutoFixer/Evaluation/Projects/zuul/zuul-core/src/main/java/com/netflix/zuul/message/http/HttpRequestMessageImpl.java	queryParams
