location	class	method	param	index	uri	reason	annotation	rootClass	rootMethod
FIELD	com.github.mikephil.charting.charts.BarLineChartBase	null	mBorderPaint	null	file:///home/nima/Developer/AutoFixer/Evaluation/Projects/MPAndroidChart/MPChartLib/src/main/java/com/github/mikephil/charting/charts/BarLineChartBase.java	METHOD_NO_INIT	androidx.annotation.Nullable	com.github.mikephil.charting.charts.BarLineChartBase	null
FIELD	com.github.mikephil.charting.charts.BarLineChartBase	null	mAxisLeft	null	file:///home/nima/Developer/AutoFixer/Evaluation/Projects/MPAndroidChart/MPChartLib/src/main/java/com/github/mikephil/charting/charts/BarLineChartBase.java	METHOD_NO_INIT	androidx.annotation.Nullable	com.github.mikephil.charting.charts.BarLineChartBase	null
FIELD	com.github.mikephil.charting.charts.BarLineChartBase	null	mAxisRight	null	file:///home/nima/Developer/AutoFixer/Evaluation/Projects/MPAndroidChart/MPChartLib/src/main/java/com/github/mikephil/charting/charts/BarLineChartBase.java	METHOD_NO_INIT	androidx.annotation.Nullable	com.github.mikephil.charting.charts.BarLineChartBase	null
FIELD	com.github.mikephil.charting.charts.BarLineChartBase	null	mAxisRendererLeft	null	file:///home/nima/Developer/AutoFixer/Evaluation/Projects/MPAndroidChart/MPChartLib/src/main/java/com/github/mikephil/charting/charts/BarLineChartBase.java	METHOD_NO_INIT	androidx.annotation.Nullable	com.github.mikephil.charting.charts.BarLineChartBase	null
FIELD	com.github.mikephil.charting.charts.BarLineChartBase	null	mAxisRendererRight	null	file:///home/nima/Developer/AutoFixer/Evaluation/Projects/MPAndroidChart/MPChartLib/src/main/java/com/github/mikephil/charting/charts/BarLineChartBase.java	METHOD_NO_INIT	androidx.annotation.Nullable	com.github.mikephil.charting.charts.BarLineChartBase	null
FIELD	com.github.mikephil.charting.charts.BarLineChartBase	null	mLeftAxisTransformer	null	file:///home/nima/Developer/AutoFixer/Evaluation/Projects/MPAndroidChart/MPChartLib/src/main/java/com/github/mikephil/charting/charts/BarLineChartBase.java	METHOD_NO_INIT	androidx.annotation.Nullable	com.github.mikephil.charting.charts.BarLineChartBase	null
FIELD	com.github.mikephil.charting.charts.BarLineChartBase	null	mRightAxisTransformer	null	file:///home/nima/Developer/AutoFixer/Evaluation/Projects/MPAndroidChart/MPChartLib/src/main/java/com/github/mikephil/charting/charts/BarLineChartBase.java	METHOD_NO_INIT	androidx.annotation.Nullable	com.github.mikephil.charting.charts.BarLineChartBase	null
FIELD	com.github.mikephil.charting.charts.BarLineChartBase	null	mXAxisRenderer	null	file:///home/nima/Developer/AutoFixer/Evaluation/Projects/MPAndroidChart/MPChartLib/src/main/java/com/github/mikephil/charting/charts/BarLineChartBase.java	METHOD_NO_INIT	androidx.annotation.Nullable	com.github.mikephil.charting.charts.BarLineChartBase	null
FIELD	com.github.mikephil.charting.charts.BarLineChartBase	null	mBorderPaint	null	file:///home/nima/Developer/AutoFixer/Evaluation/Projects/MPAndroidChart/MPChartLib/src/main/java/com/github/mikephil/charting/charts/BarLineChartBase.java	METHOD_NO_INIT	androidx.annotation.Nullable	com.github.mikephil.charting.charts.BarLineChartBase	null
FIELD	com.github.mikephil.charting.charts.BarLineChartBase	null	mAxisLeft	null	file:///home/nima/Developer/AutoFixer/Evaluation/Projects/MPAndroidChart/MPChartLib/src/main/java/com/github/mikephil/charting/charts/BarLineChartBase.java	METHOD_NO_INIT	androidx.annotation.Nullable	com.github.mikephil.charting.charts.BarLineChartBase	null
FIELD	com.github.mikephil.charting.charts.BarLineChartBase	null	mAxisRight	null	file:///home/nima/Developer/AutoFixer/Evaluation/Projects/MPAndroidChart/MPChartLib/src/main/java/com/github/mikephil/charting/charts/BarLineChartBase.java	METHOD_NO_INIT	androidx.annotation.Nullable	com.github.mikephil.charting.charts.BarLineChartBase	null
FIELD	com.github.mikephil.charting.charts.BarLineChartBase	null	mAxisRendererLeft	null	file:///home/nima/Developer/AutoFixer/Evaluation/Projects/MPAndroidChart/MPChartLib/src/main/java/com/github/mikephil/charting/charts/BarLineChartBase.java	METHOD_NO_INIT	androidx.annotation.Nullable	com.github.mikephil.charting.charts.BarLineChartBase	null
FIELD	com.github.mikephil.charting.charts.BarLineChartBase	null	mAxisRendererRight	null	file:///home/nima/Developer/AutoFixer/Evaluation/Projects/MPAndroidChart/MPChartLib/src/main/java/com/github/mikephil/charting/charts/BarLineChartBase.java	METHOD_NO_INIT	androidx.annotation.Nullable	com.github.mikephil.charting.charts.BarLineChartBase	null
FIELD	com.github.mikephil.charting.charts.BarLineChartBase	null	mLeftAxisTransformer	null	file:///home/nima/Developer/AutoFixer/Evaluation/Projects/MPAndroidChart/MPChartLib/src/main/java/com/github/mikephil/charting/charts/BarLineChartBase.java	METHOD_NO_INIT	androidx.annotation.Nullable	com.github.mikephil.charting.charts.BarLineChartBase	null
FIELD	com.github.mikephil.charting.charts.BarLineChartBase	null	mRightAxisTransformer	null	file:///home/nima/Developer/AutoFixer/Evaluation/Projects/MPAndroidChart/MPChartLib/src/main/java/com/github/mikephil/charting/charts/BarLineChartBase.java	METHOD_NO_INIT	androidx.annotation.Nullable	com.github.mikephil.charting.charts.BarLineChartBase	null
FIELD	com.github.mikephil.charting.charts.BarLineChartBase	null	mXAxisRenderer	null	file:///home/nima/Developer/AutoFixer/Evaluation/Projects/MPAndroidChart/MPChartLib/src/main/java/com/github/mikephil/charting/charts/BarLineChartBase.java	METHOD_NO_INIT	androidx.annotation.Nullable	com.github.mikephil.charting.charts.BarLineChartBase	null
FIELD	com.github.mikephil.charting.charts.BarLineChartBase	null	mBorderPaint	null	file:///home/nima/Developer/AutoFixer/Evaluation/Projects/MPAndroidChart/MPChartLib/src/main/java/com/github/mikephil/charting/charts/BarLineChartBase.java	METHOD_NO_INIT	androidx.annotation.Nullable	com.github.mikephil.charting.charts.BarLineChartBase	null
FIELD	com.github.mikephil.charting.charts.BarLineChartBase	null	mAxisLeft	null	file:///home/nima/Developer/AutoFixer/Evaluation/Projects/MPAndroidChart/MPChartLib/src/main/java/com/github/mikephil/charting/charts/BarLineChartBase.java	METHOD_NO_INIT	androidx.annotation.Nullable	com.github.mikephil.charting.charts.BarLineChartBase	null
FIELD	com.github.mikephil.charting.charts.BarLineChartBase	null	mAxisRight	null	file:///home/nima/Developer/AutoFixer/Evaluation/Projects/MPAndroidChart/MPChartLib/src/main/java/com/github/mikephil/charting/charts/BarLineChartBase.java	METHOD_NO_INIT	androidx.annotation.Nullable	com.github.mikephil.charting.charts.BarLineChartBase	null
FIELD	com.github.mikephil.charting.charts.BarLineChartBase	null	mAxisRendererLeft	null	file:///home/nima/Developer/AutoFixer/Evaluation/Projects/MPAndroidChart/MPChartLib/src/main/java/com/github/mikephil/charting/charts/BarLineChartBase.java	METHOD_NO_INIT	androidx.annotation.Nullable	com.github.mikephil.charting.charts.BarLineChartBase	null
FIELD	com.github.mikephil.charting.charts.BarLineChartBase	null	mAxisRendererRight	null	file:///home/nima/Developer/AutoFixer/Evaluation/Projects/MPAndroidChart/MPChartLib/src/main/java/com/github/mikephil/charting/charts/BarLineChartBase.java	METHOD_NO_INIT	androidx.annotation.Nullable	com.github.mikephil.charting.charts.BarLineChartBase	null
FIELD	com.github.mikephil.charting.charts.BarLineChartBase	null	mLeftAxisTransformer	null	file:///home/nima/Developer/AutoFixer/Evaluation/Projects/MPAndroidChart/MPChartLib/src/main/java/com/github/mikephil/charting/charts/BarLineChartBase.java	METHOD_NO_INIT	androidx.annotation.Nullable	com.github.mikephil.charting.charts.BarLineChartBase	null
FIELD	com.github.mikephil.charting.charts.BarLineChartBase	null	mRightAxisTransformer	null	file:///home/nima/Developer/AutoFixer/Evaluation/Projects/MPAndroidChart/MPChartLib/src/main/java/com/github/mikephil/charting/charts/BarLineChartBase.java	METHOD_NO_INIT	androidx.annotation.Nullable	com.github.mikephil.charting.charts.BarLineChartBase	null
FIELD	com.github.mikephil.charting.charts.BarLineChartBase	null	mXAxisRenderer	null	file:///home/nima/Developer/AutoFixer/Evaluation/Projects/MPAndroidChart/MPChartLib/src/main/java/com/github/mikephil/charting/charts/BarLineChartBase.java	METHOD_NO_INIT	androidx.annotation.Nullable	com.github.mikephil.charting.charts.BarLineChartBase	null
FIELD	com.github.mikephil.charting.charts.Chart	null	mInfoPaint	null	file:///home/nima/Developer/AutoFixer/Evaluation/Projects/MPAndroidChart/MPChartLib/src/main/java/com/github/mikephil/charting/charts/Chart.java	METHOD_NO_INIT	androidx.annotation.Nullable	com.github.mikephil.charting.charts.Chart	null
FIELD	com.github.mikephil.charting.charts.Chart	null	mXAxis	null	file:///home/nima/Developer/AutoFixer/Evaluation/Projects/MPAndroidChart/MPChartLib/src/main/java/com/github/mikephil/charting/charts/Chart.java	METHOD_NO_INIT	androidx.annotation.Nullable	com.github.mikephil.charting.charts.Chart	null
FIELD	com.github.mikephil.charting.charts.Chart	null	mChartTouchListener	null	file:///home/nima/Developer/AutoFixer/Evaluation/Projects/MPAndroidChart/MPChartLib/src/main/java/com/github/mikephil/charting/charts/Chart.java	METHOD_NO_INIT	androidx.annotation.Nullable	com.github.mikephil.charting.charts.Chart	null
FIELD	com.github.mikephil.charting.charts.Chart	null	mLegendRenderer	null	file:///home/nima/Developer/AutoFixer/Evaluation/Projects/MPAndroidChart/MPChartLib/src/main/java/com/github/mikephil/charting/charts/Chart.java	METHOD_NO_INIT	androidx.annotation.Nullable	com.github.mikephil.charting.charts.Chart	null
FIELD	com.github.mikephil.charting.charts.Chart	null	mRenderer	null	file:///home/nima/Developer/AutoFixer/Evaluation/Projects/MPAndroidChart/MPChartLib/src/main/java/com/github/mikephil/charting/charts/Chart.java	METHOD_NO_INIT	androidx.annotation.Nullable	com.github.mikephil.charting.charts.Chart	null
FIELD	com.github.mikephil.charting.charts.Chart	null	mHighlighter	null	file:///home/nima/Developer/AutoFixer/Evaluation/Projects/MPAndroidChart/MPChartLib/src/main/java/com/github/mikephil/charting/charts/Chart.java	METHOD_NO_INIT	androidx.annotation.Nullable	com.github.mikephil.charting.charts.Chart	null
FIELD	com.github.mikephil.charting.charts.Chart	null	mAnimator	null	file:///home/nima/Developer/AutoFixer/Evaluation/Projects/MPAndroidChart/MPChartLib/src/main/java/com/github/mikephil/charting/charts/Chart.java	METHOD_NO_INIT	androidx.annotation.Nullable	com.github.mikephil.charting.charts.Chart	null
FIELD	com.github.mikephil.charting.charts.Chart	null	mIndicesToHighlight	null	file:///home/nima/Developer/AutoFixer/Evaluation/Projects/MPAndroidChart/MPChartLib/src/main/java/com/github/mikephil/charting/charts/Chart.java	METHOD_NO_INIT	androidx.annotation.Nullable	com.github.mikephil.charting.charts.Chart	null
FIELD	com.github.mikephil.charting.charts.Chart	null	mInfoPaint	null	file:///home/nima/Developer/AutoFixer/Evaluation/Projects/MPAndroidChart/MPChartLib/src/main/java/com/github/mikephil/charting/charts/Chart.java	METHOD_NO_INIT	androidx.annotation.Nullable	com.github.mikephil.charting.charts.Chart	null
FIELD	com.github.mikephil.charting.charts.Chart	null	mXAxis	null	file:///home/nima/Developer/AutoFixer/Evaluation/Projects/MPAndroidChart/MPChartLib/src/main/java/com/github/mikephil/charting/charts/Chart.java	METHOD_NO_INIT	androidx.annotation.Nullable	com.github.mikephil.charting.charts.Chart	null
FIELD	com.github.mikephil.charting.charts.Chart	null	mChartTouchListener	null	file:///home/nima/Developer/AutoFixer/Evaluation/Projects/MPAndroidChart/MPChartLib/src/main/java/com/github/mikephil/charting/charts/Chart.java	METHOD_NO_INIT	androidx.annotation.Nullable	com.github.mikephil.charting.charts.Chart	null
FIELD	com.github.mikephil.charting.charts.Chart	null	mLegendRenderer	null	file:///home/nima/Developer/AutoFixer/Evaluation/Projects/MPAndroidChart/MPChartLib/src/main/java/com/github/mikephil/charting/charts/Chart.java	METHOD_NO_INIT	androidx.annotation.Nullable	com.github.mikephil.charting.charts.Chart	null
FIELD	com.github.mikephil.charting.charts.Chart	null	mRenderer	null	file:///home/nima/Developer/AutoFixer/Evaluation/Projects/MPAndroidChart/MPChartLib/src/main/java/com/github/mikephil/charting/charts/Chart.java	METHOD_NO_INIT	androidx.annotation.Nullable	com.github.mikephil.charting.charts.Chart	null
FIELD	com.github.mikephil.charting.charts.Chart	null	mHighlighter	null	file:///home/nima/Developer/AutoFixer/Evaluation/Projects/MPAndroidChart/MPChartLib/src/main/java/com/github/mikephil/charting/charts/Chart.java	METHOD_NO_INIT	androidx.annotation.Nullable	com.github.mikephil.charting.charts.Chart	null
FIELD	com.github.mikephil.charting.charts.Chart	null	mAnimator	null	file:///home/nima/Developer/AutoFixer/Evaluation/Projects/MPAndroidChart/MPChartLib/src/main/java/com/github/mikephil/charting/charts/Chart.java	METHOD_NO_INIT	androidx.annotation.Nullable	com.github.mikephil.charting.charts.Chart	null
FIELD	com.github.mikephil.charting.charts.Chart	null	mIndicesToHighlight	null	file:///home/nima/Developer/AutoFixer/Evaluation/Projects/MPAndroidChart/MPChartLib/src/main/java/com/github/mikephil/charting/charts/Chart.java	METHOD_NO_INIT	androidx.annotation.Nullable	com.github.mikephil.charting.charts.Chart	null
FIELD	com.github.mikephil.charting.charts.Chart	null	mInfoPaint	null	file:///home/nima/Developer/AutoFixer/Evaluation/Projects/MPAndroidChart/MPChartLib/src/main/java/com/github/mikephil/charting/charts/Chart.java	METHOD_NO_INIT	androidx.annotation.Nullable	com.github.mikephil.charting.charts.Chart	null
FIELD	com.github.mikephil.charting.charts.Chart	null	mXAxis	null	file:///home/nima/Developer/AutoFixer/Evaluation/Projects/MPAndroidChart/MPChartLib/src/main/java/com/github/mikephil/charting/charts/Chart.java	METHOD_NO_INIT	androidx.annotation.Nullable	com.github.mikephil.charting.charts.Chart	null
FIELD	com.github.mikephil.charting.charts.Chart	null	mChartTouchListener	null	file:///home/nima/Developer/AutoFixer/Evaluation/Projects/MPAndroidChart/MPChartLib/src/main/java/com/github/mikephil/charting/charts/Chart.java	METHOD_NO_INIT	androidx.annotation.Nullable	com.github.mikephil.charting.charts.Chart	null
FIELD	com.github.mikephil.charting.charts.Chart	null	mLegendRenderer	null	file:///home/nima/Developer/AutoFixer/Evaluation/Projects/MPAndroidChart/MPChartLib/src/main/java/com/github/mikephil/charting/charts/Chart.java	METHOD_NO_INIT	androidx.annotation.Nullable	com.github.mikephil.charting.charts.Chart	null
FIELD	com.github.mikephil.charting.charts.Chart	null	mRenderer	null	file:///home/nima/Developer/AutoFixer/Evaluation/Projects/MPAndroidChart/MPChartLib/src/main/java/com/github/mikephil/charting/charts/Chart.java	METHOD_NO_INIT	androidx.annotation.Nullable	com.github.mikephil.charting.charts.Chart	null
FIELD	com.github.mikephil.charting.charts.Chart	null	mHighlighter	null	file:///home/nima/Developer/AutoFixer/Evaluation/Projects/MPAndroidChart/MPChartLib/src/main/java/com/github/mikephil/charting/charts/Chart.java	METHOD_NO_INIT	androidx.annotation.Nullable	com.github.mikephil.charting.charts.Chart	null
FIELD	com.github.mikephil.charting.charts.Chart	null	mAnimator	null	file:///home/nima/Developer/AutoFixer/Evaluation/Projects/MPAndroidChart/MPChartLib/src/main/java/com/github/mikephil/charting/charts/Chart.java	METHOD_NO_INIT	androidx.annotation.Nullable	com.github.mikephil.charting.charts.Chart	null
FIELD	com.github.mikephil.charting.charts.Chart	null	mIndicesToHighlight	null	file:///home/nima/Developer/AutoFixer/Evaluation/Projects/MPAndroidChart/MPChartLib/src/main/java/com/github/mikephil/charting/charts/Chart.java	METHOD_NO_INIT	androidx.annotation.Nullable	com.github.mikephil.charting.charts.Chart	null
FIELD	com.github.mikephil.charting.charts.Chart	null	mData	null	file:///home/nima/Developer/AutoFixer/Evaluation/Projects/MPAndroidChart/MPChartLib/src/main/java/com/github/mikephil/charting/charts/Chart.java	ASSIGN_FIELD_NULLABLE	androidx.annotation.Nullable	com.github.mikephil.charting.charts.Chart	null
FIELD	com.github.mikephil.charting.charts.Chart	null	mData	null	file:///home/nima/Developer/AutoFixer/Evaluation/Projects/MPAndroidChart/MPChartLib/src/main/java/com/github/mikephil/charting/charts/Chart.java	ASSIGN_FIELD_NULLABLE	androidx.annotation.Nullable	com.github.mikephil.charting.charts.Chart	clear()
FIELD	com.github.mikephil.charting.charts.Chart	null	mIndicesToHighlight	null	file:///home/nima/Developer/AutoFixer/Evaluation/Projects/MPAndroidChart/MPChartLib/src/main/java/com/github/mikephil/charting/charts/Chart.java	ASSIGN_FIELD_NULLABLE	androidx.annotation.Nullable	com.github.mikephil.charting.charts.Chart	clear()
FIELD	com.github.mikephil.charting.charts.Chart	null	mIndicesToHighlight	null	file:///home/nima/Developer/AutoFixer/Evaluation/Projects/MPAndroidChart/MPChartLib/src/main/java/com/github/mikephil/charting/charts/Chart.java	ASSIGN_FIELD_NULLABLE	androidx.annotation.Nullable	com.github.mikephil.charting.charts.Chart	highlightValue(com.github.mikephil.charting.highlight.Highlight,boolean)
FIELD	com.github.mikephil.charting.charts.Chart	null	mIndicesToHighlight	null	file:///home/nima/Developer/AutoFixer/Evaluation/Projects/MPAndroidChart/MPChartLib/src/main/java/com/github/mikephil/charting/charts/Chart.java	ASSIGN_FIELD_NULLABLE	androidx.annotation.Nullable	com.github.mikephil.charting.charts.Chart	highlightValue(com.github.mikephil.charting.highlight.Highlight,boolean)
METHOD	com.github.mikephil.charting.data.ChartData	getDataSetByIndex(int)	null	null	file:///home/nima/Developer/AutoFixer/Evaluation/Projects/MPAndroidChart/MPChartLib/src/main/java/com/github/mikephil/charting/data/ChartData.java	RETURN_NULLABLE	androidx.annotation.Nullable	com.github.mikephil.charting.data.ChartData	getDataSetByIndex(int)
PARAMETER	com.github.mikephil.charting.data.Entry	equalTo(com.github.mikephil.charting.data.Entry)	e	0	file:///home/nima/Developer/AutoFixer/Evaluation/Projects/MPAndroidChart/MPChartLib/src/main/java/com/github/mikephil/charting/data/Entry.java	PASS_NULLABLE	androidx.annotation.Nullable	com.github.mikephil.charting.data.ChartData	getDataSetForEntry(com.github.mikephil.charting.data.Entry)
METHOD	com.github.mikephil.charting.data.ChartData	getMaxEntryCountSet()	null	null	file:///home/nima/Developer/AutoFixer/Evaluation/Projects/MPAndroidChart/MPChartLib/src/main/java/com/github/mikephil/charting/data/ChartData.java	RETURN_NULLABLE	androidx.annotation.Nullable	com.github.mikephil.charting.data.ChartData	getMaxEntryCountSet()
METHOD	com.github.mikephil.charting.data.BaseEntry	getData()	null	null	file:///home/nima/Developer/AutoFixer/Evaluation/Projects/MPAndroidChart/MPChartLib/src/main/java/com/github/mikephil/charting/data/BaseEntry.java	RETURN_NULLABLE	androidx.annotation.Nullable	com.github.mikephil.charting.data.BaseEntry	getData()
FIELD	com.github.mikephil.charting.data.BaseDataSet	null	mValueFormatter	null	file:///home/nima/Developer/AutoFixer/Evaluation/Projects/MPAndroidChart/MPChartLib/src/main/java/com/github/mikephil/charting/data/BaseDataSet.java	METHOD_NO_INIT	androidx.annotation.Nullable	com.github.mikephil.charting.data.BaseDataSet	null
FIELD	com.github.mikephil.charting.data.BaseDataSet	null	mColors	null	file:///home/nima/Developer/AutoFixer/Evaluation/Projects/MPAndroidChart/MPChartLib/src/main/java/com/github/mikephil/charting/data/BaseDataSet.java	ASSIGN_FIELD_NULLABLE	androidx.annotation.Nullable	com.github.mikephil.charting.data.BaseDataSet	null
FIELD	com.github.mikephil.charting.data.BaseDataSet	null	mValueColors	null	file:///home/nima/Developer/AutoFixer/Evaluation/Projects/MPAndroidChart/MPChartLib/src/main/java/com/github/mikephil/charting/data/BaseDataSet.java	ASSIGN_FIELD_NULLABLE	androidx.annotation.Nullable	com.github.mikephil.charting.data.BaseDataSet	null
PARAMETER	com.github.mikephil.charting.interfaces.datasets.IDataSet	removeEntry(T)	e	0	file:///home/nima/Developer/AutoFixer/Evaluation/Projects/MPAndroidChart/MPChartLib/src/main/java/com/github/mikephil/charting/interfaces/datasets/IDataSet.java	PASS_NULLABLE	androidx.annotation.Nullable	com.github.mikephil.charting.data.BaseDataSet	removeEntryByXValue(float)
METHOD	com.github.mikephil.charting.highlight.Highlight	getAxis()	null	null	file:///home/nima/Developer/AutoFixer/Evaluation/Projects/MPAndroidChart/MPChartLib/src/main/java/com/github/mikephil/charting/highlight/Highlight.java	RETURN_NULLABLE	androidx.annotation.Nullable	com.github.mikephil.charting.highlight.Highlight	getAxis()
FIELD	com.github.mikephil.charting.renderer.YAxisRenderer	null	mZeroLinePaint	null	file:///home/nima/Developer/AutoFixer/Evaluation/Projects/MPAndroidChart/MPChartLib/src/main/java/com/github/mikephil/charting/renderer/YAxisRenderer.java	METHOD_NO_INIT	androidx.annotation.Nullable	com.github.mikephil.charting.renderer.YAxisRenderer	null
FIELD	com.github.mikephil.charting.renderer.AxisRenderer	null	mTrans	null	file:///home/nima/Developer/AutoFixer/Evaluation/Projects/MPAndroidChart/MPChartLib/src/main/java/com/github/mikephil/charting/renderer/AxisRenderer.java	METHOD_NO_INIT	androidx.annotation.Nullable	com.github.mikephil.charting.renderer.AxisRenderer	null
FIELD	com.github.mikephil.charting.renderer.AxisRenderer	null	mGridPaint	null	file:///home/nima/Developer/AutoFixer/Evaluation/Projects/MPAndroidChart/MPChartLib/src/main/java/com/github/mikephil/charting/renderer/AxisRenderer.java	METHOD_NO_INIT	androidx.annotation.Nullable	com.github.mikephil.charting.renderer.AxisRenderer	null
FIELD	com.github.mikephil.charting.renderer.AxisRenderer	null	mAxisLabelPaint	null	file:///home/nima/Developer/AutoFixer/Evaluation/Projects/MPAndroidChart/MPChartLib/src/main/java/com/github/mikephil/charting/renderer/AxisRenderer.java	METHOD_NO_INIT	androidx.annotation.Nullable	com.github.mikephil.charting.renderer.AxisRenderer	null
FIELD	com.github.mikephil.charting.renderer.AxisRenderer	null	mAxisLinePaint	null	file:///home/nima/Developer/AutoFixer/Evaluation/Projects/MPAndroidChart/MPChartLib/src/main/java/com/github/mikephil/charting/renderer/AxisRenderer.java	METHOD_NO_INIT	androidx.annotation.Nullable	com.github.mikephil.charting.renderer.AxisRenderer	null
FIELD	com.github.mikephil.charting.renderer.AxisRenderer	null	mLimitLinePaint	null	file:///home/nima/Developer/AutoFixer/Evaluation/Projects/MPAndroidChart/MPChartLib/src/main/java/com/github/mikephil/charting/renderer/AxisRenderer.java	METHOD_NO_INIT	androidx.annotation.Nullable	com.github.mikephil.charting.renderer.AxisRenderer	null
FIELD	com.github.mikephil.charting.renderer.AxisRenderer	null	mTrans	null	file:///home/nima/Developer/AutoFixer/Evaluation/Projects/MPAndroidChart/MPChartLib/src/main/java/com/github/mikephil/charting/renderer/AxisRenderer.java	ASSIGN_FIELD_NULLABLE	androidx.annotation.Nullable	com.github.mikephil.charting.renderer.AxisRenderer	AxisRenderer(com.github.mikephil.charting.utils.ViewPortHandler,com.github.mikephil.charting.utils.Transformer,com.github.mikephil.charting.components.AxisBase)
FIELD	com.github.mikephil.charting.data.LineDataSet	null	mCircleColors	null	file:///home/nima/Developer/AutoFixer/Evaluation/Projects/MPAndroidChart/MPChartLib/src/main/java/com/github/mikephil/charting/data/LineDataSet.java	ASSIGN_FIELD_NULLABLE	androidx.annotation.Nullable	com.github.mikephil.charting.data.LineDataSet	null
PARAMETER	com.github.mikephil.charting.renderer.LegendRenderer	drawLabel(android.graphics.Canvas,float,float,java.lang.String)	label	3	file:///home/nima/Developer/AutoFixer/Evaluation/Projects/MPAndroidChart/MPChartLib/src/main/java/com/github/mikephil/charting/renderer/LegendRenderer.java	PASS_NULLABLE	androidx.annotation.Nullable	com.github.mikephil.charting.renderer.LegendRenderer	renderLegend(android.graphics.Canvas)
METHOD	com.github.mikephil.charting.highlight.ChartHighlighter	getHighlight(float,float)	null	null	file:///home/nima/Developer/AutoFixer/Evaluation/Projects/MPAndroidChart/MPChartLib/src/main/java/com/github/mikephil/charting/highlight/ChartHighlighter.java	RETURN_NULLABLE	androidx.annotation.Nullable	com.github.mikephil.charting.highlight.ChartHighlighter	getHighlight(float,float)
METHOD	com.github.mikephil.charting.data.BarEntry	getRanges()	null	null	file:///home/nima/Developer/AutoFixer/Evaluation/Projects/MPAndroidChart/MPChartLib/src/main/java/com/github/mikephil/charting/data/BarEntry.java	RETURN_NULLABLE	androidx.annotation.Nullable	com.github.mikephil.charting.data.BarEntry	getRanges()
METHOD	com.github.mikephil.charting.utils.Fill	getGradientColors()	null	null	file:///home/nima/Developer/AutoFixer/Evaluation/Projects/MPAndroidChart/MPChartLib/src/main/java/com/github/mikephil/charting/utils/Fill.java	RETURN_NULLABLE	androidx.annotation.Nullable	com.github.mikephil.charting.utils.Fill	getGradientColors()
METHOD	com.github.mikephil.charting.interfaces.dataprovider.LineDataProvider	getLineData()	null	null	file:///home/nima/Developer/AutoFixer/Evaluation/Projects/MPAndroidChart/MPChartLib/src/main/java/com/github/mikephil/charting/interfaces/dataprovider/LineDataProvider.java	WRONG_OVERRIDE_RETURN	androidx.annotation.Nullable	com.github.mikephil.charting.charts.CombinedChart	getLineData()
METHOD	com.github.mikephil.charting.interfaces.dataprovider.BarDataProvider	getBarData()	null	null	file:///home/nima/Developer/AutoFixer/Evaluation/Projects/MPAndroidChart/MPChartLib/src/main/java/com/github/mikephil/charting/interfaces/dataprovider/BarDataProvider.java	WRONG_OVERRIDE_RETURN	androidx.annotation.Nullable	com.github.mikephil.charting.charts.CombinedChart	getBarData()
METHOD	com.github.mikephil.charting.interfaces.dataprovider.ScatterDataProvider	getScatterData()	null	null	file:///home/nima/Developer/AutoFixer/Evaluation/Projects/MPAndroidChart/MPChartLib/src/main/java/com/github/mikephil/charting/interfaces/dataprovider/ScatterDataProvider.java	WRONG_OVERRIDE_RETURN	androidx.annotation.Nullable	com.github.mikephil.charting.charts.CombinedChart	getScatterData()
METHOD	com.github.mikephil.charting.interfaces.dataprovider.CandleDataProvider	getCandleData()	null	null	file:///home/nima/Developer/AutoFixer/Evaluation/Projects/MPAndroidChart/MPChartLib/src/main/java/com/github/mikephil/charting/interfaces/dataprovider/CandleDataProvider.java	WRONG_OVERRIDE_RETURN	androidx.annotation.Nullable	com.github.mikephil.charting.charts.CombinedChart	getCandleData()
METHOD	com.github.mikephil.charting.interfaces.dataprovider.BubbleDataProvider	getBubbleData()	null	null	file:///home/nima/Developer/AutoFixer/Evaluation/Projects/MPAndroidChart/MPChartLib/src/main/java/com/github/mikephil/charting/interfaces/dataprovider/BubbleDataProvider.java	WRONG_OVERRIDE_RETURN	androidx.annotation.Nullable	com.github.mikephil.charting.charts.CombinedChart	getBubbleData()
METHOD	com.github.mikephil.charting.charts.CombinedChart	getDrawOrder()	null	null	file:///home/nima/Developer/AutoFixer/Evaluation/Projects/MPAndroidChart/MPChartLib/src/main/java/com/github/mikephil/charting/charts/CombinedChart.java	RETURN_NULLABLE	androidx.annotation.Nullable	com.github.mikephil.charting.charts.CombinedChart	getDrawOrder()
FIELD	com.github.mikephil.charting.charts.Chart	null	mXAxis	null	file:///home/nima/Developer/AutoFixer/Evaluation/Projects/MPAndroidChart/MPChartLib/src/main/java/com/github/mikephil/charting/charts/Chart.java	ASSIGN_FIELD_NULLABLE	androidx.annotation.Nullable	com.github.mikephil.charting.charts.PieChart	init()
METHOD	com.github.mikephil.charting.data.ChartData	getDataSetByIndex(int)	null	null	file:///home/nima/Developer/AutoFixer/Evaluation/Projects/MPAndroidChart/MPChartLib/src/main/java/com/github/mikephil/charting/data/ChartData.java	WRONG_OVERRIDE_RETURN	androidx.annotation.Nullable	com.github.mikephil.charting.data.PieData	getDataSetByIndex(int)
METHOD	com.github.mikephil.charting.data.PieEntry	getLabel()	null	null	file:///home/nima/Developer/AutoFixer/Evaluation/Projects/MPAndroidChart/MPChartLib/src/main/java/com/github/mikephil/charting/data/PieEntry.java	RETURN_NULLABLE	androidx.annotation.Nullable	com.github.mikephil.charting.data.PieEntry	getLabel()
PARAMETER	com.github.mikephil.charting.data.PieEntry	PieEntry(float,java.lang.String,java.lang.Object)	label	1	file:///home/nima/Developer/AutoFixer/Evaluation/Projects/MPAndroidChart/MPChartLib/src/main/java/com/github/mikephil/charting/data/PieEntry.java	PASS_NULLABLE	androidx.annotation.Nullable	com.github.mikephil.charting.data.PieEntry	copy()
FIELD	com.github.mikephil.charting.charts.RadarChart	null	mYAxis	null	file:///home/nima/Developer/AutoFixer/Evaluation/Projects/MPAndroidChart/MPChartLib/src/main/java/com/github/mikephil/charting/charts/RadarChart.java	METHOD_NO_INIT	androidx.annotation.Nullable	com.github.mikephil.charting.charts.RadarChart	null
FIELD	com.github.mikephil.charting.charts.RadarChart	null	mYAxisRenderer	null	file:///home/nima/Developer/AutoFixer/Evaluation/Projects/MPAndroidChart/MPChartLib/src/main/java/com/github/mikephil/charting/charts/RadarChart.java	METHOD_NO_INIT	androidx.annotation.Nullable	com.github.mikephil.charting.charts.RadarChart	null
FIELD	com.github.mikephil.charting.charts.RadarChart	null	mXAxisRenderer	null	file:///home/nima/Developer/AutoFixer/Evaluation/Projects/MPAndroidChart/MPChartLib/src/main/java/com/github/mikephil/charting/charts/RadarChart.java	METHOD_NO_INIT	androidx.annotation.Nullable	com.github.mikephil.charting.charts.RadarChart	null
FIELD	com.github.mikephil.charting.charts.RadarChart	null	mYAxis	null	file:///home/nima/Developer/AutoFixer/Evaluation/Projects/MPAndroidChart/MPChartLib/src/main/java/com/github/mikephil/charting/charts/RadarChart.java	METHOD_NO_INIT	androidx.annotation.Nullable	com.github.mikephil.charting.charts.RadarChart	null
FIELD	com.github.mikephil.charting.charts.RadarChart	null	mYAxisRenderer	null	file:///home/nima/Developer/AutoFixer/Evaluation/Projects/MPAndroidChart/MPChartLib/src/main/java/com/github/mikephil/charting/charts/RadarChart.java	METHOD_NO_INIT	androidx.annotation.Nullable	com.github.mikephil.charting.charts.RadarChart	null
FIELD	com.github.mikephil.charting.charts.RadarChart	null	mXAxisRenderer	null	file:///home/nima/Developer/AutoFixer/Evaluation/Projects/MPAndroidChart/MPChartLib/src/main/java/com/github/mikephil/charting/charts/RadarChart.java	METHOD_NO_INIT	androidx.annotation.Nullable	com.github.mikephil.charting.charts.RadarChart	null
FIELD	com.github.mikephil.charting.charts.RadarChart	null	mYAxis	null	file:///home/nima/Developer/AutoFixer/Evaluation/Projects/MPAndroidChart/MPChartLib/src/main/java/com/github/mikephil/charting/charts/RadarChart.java	METHOD_NO_INIT	androidx.annotation.Nullable	com.github.mikephil.charting.charts.RadarChart	null
FIELD	com.github.mikephil.charting.charts.RadarChart	null	mYAxisRenderer	null	file:///home/nima/Developer/AutoFixer/Evaluation/Projects/MPAndroidChart/MPChartLib/src/main/java/com/github/mikephil/charting/charts/RadarChart.java	METHOD_NO_INIT	androidx.annotation.Nullable	com.github.mikephil.charting.charts.RadarChart	null
FIELD	com.github.mikephil.charting.charts.RadarChart	null	mXAxisRenderer	null	file:///home/nima/Developer/AutoFixer/Evaluation/Projects/MPAndroidChart/MPChartLib/src/main/java/com/github/mikephil/charting/charts/RadarChart.java	METHOD_NO_INIT	androidx.annotation.Nullable	com.github.mikephil.charting.charts.RadarChart	null
METHOD	com.github.mikephil.charting.data.RadarData	getLabels()	null	null	file:///home/nima/Developer/AutoFixer/Evaluation/Projects/MPAndroidChart/MPChartLib/src/main/java/com/github/mikephil/charting/data/RadarData.java	RETURN_NULLABLE	androidx.annotation.Nullable	com.github.mikephil.charting.data.RadarData	getLabels()
PARAMETER	com.github.mikephil.charting.jobs.AnimatedViewPortJob	AnimatedViewPortJob(com.github.mikephil.charting.utils.ViewPortHandler,float,float,com.github.mikephil.charting.utils.Transformer,android.view.View,float,float,long)	viewPortHandler	0	file:///home/nima/Developer/AutoFixer/Evaluation/Projects/MPAndroidChart/MPChartLib/src/main/java/com/github/mikephil/charting/jobs/AnimatedViewPortJob.java	PASS_NULLABLE	androidx.annotation.Nullable	com.github.mikephil.charting.jobs.AnimatedMoveViewJob	AnimatedMoveViewJob(com.github.mikephil.charting.utils.ViewPortHandler,float,float,com.github.mikephil.charting.utils.Transformer,android.view.View,float,float,long)
PARAMETER	com.github.mikephil.charting.jobs.AnimatedViewPortJob	AnimatedViewPortJob(com.github.mikephil.charting.utils.ViewPortHandler,float,float,com.github.mikephil.charting.utils.Transformer,android.view.View,float,float,long)	trans	3	file:///home/nima/Developer/AutoFixer/Evaluation/Projects/MPAndroidChart/MPChartLib/src/main/java/com/github/mikephil/charting/jobs/AnimatedViewPortJob.java	PASS_NULLABLE	androidx.annotation.Nullable	com.github.mikephil.charting.jobs.AnimatedMoveViewJob	AnimatedMoveViewJob(com.github.mikephil.charting.utils.ViewPortHandler,float,float,com.github.mikephil.charting.utils.Transformer,android.view.View,float,float,long)
PARAMETER	com.github.mikephil.charting.jobs.AnimatedViewPortJob	AnimatedViewPortJob(com.github.mikephil.charting.utils.ViewPortHandler,float,float,com.github.mikephil.charting.utils.Transformer,android.view.View,float,float,long)	v	4	file:///home/nima/Developer/AutoFixer/Evaluation/Projects/MPAndroidChart/MPChartLib/src/main/java/com/github/mikephil/charting/jobs/AnimatedViewPortJob.java	PASS_NULLABLE	androidx.annotation.Nullable	com.github.mikephil.charting.jobs.AnimatedMoveViewJob	AnimatedMoveViewJob(com.github.mikephil.charting.utils.ViewPortHandler,float,float,com.github.mikephil.charting.utils.Transformer,android.view.View,float,float,long)
FIELD	com.github.mikephil.charting.jobs.ZoomJob	null	axisDependency	null	file:///home/nima/Developer/AutoFixer/Evaluation/Projects/MPAndroidChart/MPChartLib/src/main/java/com/github/mikephil/charting/jobs/ZoomJob.java	METHOD_NO_INIT	androidx.annotation.Nullable	com.github.mikephil.charting.jobs.ZoomJob	null
PARAMETER	com.github.mikephil.charting.jobs.ViewPortJob	ViewPortJob(com.github.mikephil.charting.utils.ViewPortHandler,float,float,com.github.mikephil.charting.utils.Transformer,android.view.View)	viewPortHandler	0	file:///home/nima/Developer/AutoFixer/Evaluation/Projects/MPAndroidChart/MPChartLib/src/main/java/com/github/mikephil/charting/jobs/ViewPortJob.java	PASS_NULLABLE	androidx.annotation.Nullable	com.github.mikephil.charting.jobs.ZoomJob	ZoomJob(com.github.mikephil.charting.utils.ViewPortHandler,float,float,float,float,com.github.mikephil.charting.utils.Transformer,com.github.mikephil.charting.components.YAxis.AxisDependency,android.view.View)
PARAMETER	com.github.mikephil.charting.jobs.ViewPortJob	ViewPortJob(com.github.mikephil.charting.utils.ViewPortHandler,float,float,com.github.mikephil.charting.utils.Transformer,android.view.View)	trans	3	file:///home/nima/Developer/AutoFixer/Evaluation/Projects/MPAndroidChart/MPChartLib/src/main/java/com/github/mikephil/charting/jobs/ViewPortJob.java	PASS_NULLABLE	androidx.annotation.Nullable	com.github.mikephil.charting.jobs.ZoomJob	ZoomJob(com.github.mikephil.charting.utils.ViewPortHandler,float,float,float,float,com.github.mikephil.charting.utils.Transformer,com.github.mikephil.charting.components.YAxis.AxisDependency,android.view.View)
PARAMETER	com.github.mikephil.charting.jobs.ViewPortJob	ViewPortJob(com.github.mikephil.charting.utils.ViewPortHandler,float,float,com.github.mikephil.charting.utils.Transformer,android.view.View)	v	4	file:///home/nima/Developer/AutoFixer/Evaluation/Projects/MPAndroidChart/MPChartLib/src/main/java/com/github/mikephil/charting/jobs/ViewPortJob.java	PASS_NULLABLE	androidx.annotation.Nullable	com.github.mikephil.charting.jobs.ZoomJob	ZoomJob(com.github.mikephil.charting.utils.ViewPortHandler,float,float,float,float,com.github.mikephil.charting.utils.Transformer,com.github.mikephil.charting.components.YAxis.AxisDependency,android.view.View)
FIELD	com.github.mikephil.charting.jobs.ZoomJob	null	axisDependency	null	file:///home/nima/Developer/AutoFixer/Evaluation/Projects/MPAndroidChart/MPChartLib/src/main/java/com/github/mikephil/charting/jobs/ZoomJob.java	ASSIGN_FIELD_NULLABLE	androidx.annotation.Nullable	com.github.mikephil.charting.jobs.ZoomJob	ZoomJob(com.github.mikephil.charting.utils.ViewPortHandler,float,float,float,float,com.github.mikephil.charting.utils.Transformer,com.github.mikephil.charting.components.YAxis.AxisDependency,android.view.View)
PARAMETER	com.github.mikephil.charting.jobs.ViewPortJob	ViewPortJob(com.github.mikephil.charting.utils.ViewPortHandler,float,float,com.github.mikephil.charting.utils.Transformer,android.view.View)	viewPortHandler	0	file:///home/nima/Developer/AutoFixer/Evaluation/Projects/MPAndroidChart/MPChartLib/src/main/java/com/github/mikephil/charting/jobs/ViewPortJob.java	PASS_NULLABLE	androidx.annotation.Nullable	com.github.mikephil.charting.jobs.MoveViewJob	MoveViewJob(com.github.mikephil.charting.utils.ViewPortHandler,float,float,com.github.mikephil.charting.utils.Transformer,android.view.View)
PARAMETER	com.github.mikephil.charting.jobs.ViewPortJob	ViewPortJob(com.github.mikephil.charting.utils.ViewPortHandler,float,float,com.github.mikephil.charting.utils.Transformer,android.view.View)	trans	3	file:///home/nima/Developer/AutoFixer/Evaluation/Projects/MPAndroidChart/MPChartLib/src/main/java/com/github/mikephil/charting/jobs/ViewPortJob.java	PASS_NULLABLE	androidx.annotation.Nullable	com.github.mikephil.charting.jobs.MoveViewJob	MoveViewJob(com.github.mikephil.charting.utils.ViewPortHandler,float,float,com.github.mikephil.charting.utils.Transformer,android.view.View)
PARAMETER	com.github.mikephil.charting.jobs.ViewPortJob	ViewPortJob(com.github.mikephil.charting.utils.ViewPortHandler,float,float,com.github.mikephil.charting.utils.Transformer,android.view.View)	v	4	file:///home/nima/Developer/AutoFixer/Evaluation/Projects/MPAndroidChart/MPChartLib/src/main/java/com/github/mikephil/charting/jobs/ViewPortJob.java	PASS_NULLABLE	androidx.annotation.Nullable	com.github.mikephil.charting.jobs.MoveViewJob	MoveViewJob(com.github.mikephil.charting.utils.ViewPortHandler,float,float,com.github.mikephil.charting.utils.Transformer,android.view.View)
FIELD	com.github.mikephil.charting.jobs.AnimatedZoomJob	null	yAxis	null	file:///home/nima/Developer/AutoFixer/Evaluation/Projects/MPAndroidChart/MPChartLib/src/main/java/com/github/mikephil/charting/jobs/AnimatedZoomJob.java	METHOD_NO_INIT	androidx.annotation.Nullable	com.github.mikephil.charting.jobs.AnimatedZoomJob	null
PARAMETER	com.github.mikephil.charting.jobs.AnimatedViewPortJob	AnimatedViewPortJob(com.github.mikephil.charting.utils.ViewPortHandler,float,float,com.github.mikephil.charting.utils.Transformer,android.view.View,float,float,long)	viewPortHandler	0	file:///home/nima/Developer/AutoFixer/Evaluation/Projects/MPAndroidChart/MPChartLib/src/main/java/com/github/mikephil/charting/jobs/AnimatedViewPortJob.java	PASS_NULLABLE	androidx.annotation.Nullable	com.github.mikephil.charting.jobs.AnimatedZoomJob	AnimatedZoomJob(com.github.mikephil.charting.utils.ViewPortHandler,android.view.View,com.github.mikephil.charting.utils.Transformer,com.github.mikephil.charting.components.YAxis,float,float,float,float,float,float,float,float,float,long)
PARAMETER	com.github.mikephil.charting.jobs.AnimatedViewPortJob	AnimatedViewPortJob(com.github.mikephil.charting.utils.ViewPortHandler,float,float,com.github.mikephil.charting.utils.Transformer,android.view.View,float,float,long)	trans	3	file:///home/nima/Developer/AutoFixer/Evaluation/Projects/MPAndroidChart/MPChartLib/src/main/java/com/github/mikephil/charting/jobs/AnimatedViewPortJob.java	PASS_NULLABLE	androidx.annotation.Nullable	com.github.mikephil.charting.jobs.AnimatedZoomJob	AnimatedZoomJob(com.github.mikephil.charting.utils.ViewPortHandler,android.view.View,com.github.mikephil.charting.utils.Transformer,com.github.mikephil.charting.components.YAxis,float,float,float,float,float,float,float,float,float,long)
PARAMETER	com.github.mikephil.charting.jobs.AnimatedViewPortJob	AnimatedViewPortJob(com.github.mikephil.charting.utils.ViewPortHandler,float,float,com.github.mikephil.charting.utils.Transformer,android.view.View,float,float,long)	v	4	file:///home/nima/Developer/AutoFixer/Evaluation/Projects/MPAndroidChart/MPChartLib/src/main/java/com/github/mikephil/charting/jobs/AnimatedViewPortJob.java	PASS_NULLABLE	androidx.annotation.Nullable	com.github.mikephil.charting.jobs.AnimatedZoomJob	AnimatedZoomJob(com.github.mikephil.charting.utils.ViewPortHandler,android.view.View,com.github.mikephil.charting.utils.Transformer,com.github.mikephil.charting.components.YAxis,float,float,float,float,float,float,float,float,float,long)
FIELD	com.github.mikephil.charting.jobs.AnimatedZoomJob	null	yAxis	null	file:///home/nima/Developer/AutoFixer/Evaluation/Projects/MPAndroidChart/MPChartLib/src/main/java/com/github/mikephil/charting/jobs/AnimatedZoomJob.java	ASSIGN_FIELD_NULLABLE	androidx.annotation.Nullable	com.github.mikephil.charting.jobs.AnimatedZoomJob	AnimatedZoomJob(com.github.mikephil.charting.utils.ViewPortHandler,android.view.View,com.github.mikephil.charting.utils.Transformer,com.github.mikephil.charting.components.YAxis,float,float,float,float,float,float,float,float,float,long)
FIELD	com.github.mikephil.charting.data.BarDataSet	null	mFills	null	file:///home/nima/Developer/AutoFixer/Evaluation/Projects/MPAndroidChart/MPChartLib/src/main/java/com/github/mikephil/charting/data/BarDataSet.java	ASSIGN_FIELD_NULLABLE	androidx.annotation.Nullable	com.github.mikephil.charting.data.BarDataSet	null
FIELD	com.github.mikephil.charting.data.ScatterDataSet	null	mShapeRenderer	null	file:///home/nima/Developer/AutoFixer/Evaluation/Projects/MPAndroidChart/MPChartLib/src/main/java/com/github/mikephil/charting/data/ScatterDataSet.java	ASSIGN_FIELD_NULLABLE	androidx.annotation.Nullable	com.github.mikephil.charting.data.ScatterDataSet	setScatterShape(com.github.mikephil.charting.charts.ScatterChart.ScatterShape)
FIELD	com.github.mikephil.charting.renderer.PieChartRenderer	null	mCenterTextLayout	null	file:///home/nima/Developer/AutoFixer/Evaluation/Projects/MPAndroidChart/MPChartLib/src/main/java/com/github/mikephil/charting/renderer/PieChartRenderer.java	METHOD_NO_INIT	androidx.annotation.Nullable	com.github.mikephil.charting.renderer.PieChartRenderer	null
FIELD	com.github.mikephil.charting.renderer.PieChartRenderer	null	mBitmapCanvas	null	file:///home/nima/Developer/AutoFixer/Evaluation/Projects/MPAndroidChart/MPChartLib/src/main/java/com/github/mikephil/charting/renderer/PieChartRenderer.java	METHOD_NO_INIT	androidx.annotation.Nullable	com.github.mikephil.charting.renderer.PieChartRenderer	null
FIELD	com.github.mikephil.charting.renderer.PieChartRenderer	null	mBitmapCanvas	null	file:///home/nima/Developer/AutoFixer/Evaluation/Projects/MPAndroidChart/MPChartLib/src/main/java/com/github/mikephil/charting/renderer/PieChartRenderer.java	ASSIGN_FIELD_NULLABLE	androidx.annotation.Nullable	com.github.mikephil.charting.renderer.PieChartRenderer	releaseBitmap()
PARAMETER	com.github.mikephil.charting.renderer.BarLineScatterCandleBubbleRenderer	isInBoundsX(com.github.mikephil.charting.data.Entry,com.github.mikephil.charting.interfaces.datasets.IBarLineScatterCandleBubbleDataSet)	e	0	file:///home/nima/Developer/AutoFixer/Evaluation/Projects/MPAndroidChart/MPChartLib/src/main/java/com/github/mikephil/charting/renderer/BarLineScatterCandleBubbleRenderer.java	PASS_NULLABLE	androidx.annotation.Nullable	com.github.mikephil.charting.renderer.CandleStickChartRenderer	drawHighlighted(android.graphics.Canvas,com.github.mikephil.charting.highlight.Highlight[])
FIELD	com.github.mikephil.charting.renderer.LineChartRenderer	null	mBitmapCanvas	null	file:///home/nima/Developer/AutoFixer/Evaluation/Projects/MPAndroidChart/MPChartLib/src/main/java/com/github/mikephil/charting/renderer/LineChartRenderer.java	METHOD_NO_INIT	androidx.annotation.Nullable	com.github.mikephil.charting.renderer.LineChartRenderer	null
PARAMETER	com.github.mikephil.charting.renderer.BarLineScatterCandleBubbleRenderer	isInBoundsX(com.github.mikephil.charting.data.Entry,com.github.mikephil.charting.interfaces.datasets.IBarLineScatterCandleBubbleDataSet)	e	0	file:///home/nima/Developer/AutoFixer/Evaluation/Projects/MPAndroidChart/MPChartLib/src/main/java/com/github/mikephil/charting/renderer/BarLineScatterCandleBubbleRenderer.java	PASS_NULLABLE	androidx.annotation.Nullable	com.github.mikephil.charting.renderer.LineChartRenderer	drawHighlighted(android.graphics.Canvas,com.github.mikephil.charting.highlight.Highlight[])
FIELD	com.github.mikephil.charting.renderer.LineChartRenderer	null	mBitmapCanvas	null	file:///home/nima/Developer/AutoFixer/Evaluation/Projects/MPAndroidChart/MPChartLib/src/main/java/com/github/mikephil/charting/renderer/LineChartRenderer.java	ASSIGN_FIELD_NULLABLE	androidx.annotation.Nullable	com.github.mikephil.charting.renderer.LineChartRenderer	releaseBitmap()
FIELD	com.github.mikephil.charting.renderer.LineChartRenderer.DataSetImageCache	null	circleBitmaps	null	file:///home/nima/Developer/AutoFixer/Evaluation/Projects/MPAndroidChart/MPChartLib/src/main/java/com/github/mikephil/charting/renderer/LineChartRenderer.java	FIELD_NO_INIT	androidx.annotation.Nullable	com.github.mikephil.charting.renderer.LineChartRenderer	null
FIELD	com.github.mikephil.charting.renderer.BarChartRenderer	null	mBarBuffers	null	file:///home/nima/Developer/AutoFixer/Evaluation/Projects/MPAndroidChart/MPChartLib/src/main/java/com/github/mikephil/charting/renderer/BarChartRenderer.java	METHOD_NO_INIT	androidx.annotation.Nullable	com.github.mikephil.charting.renderer.BarChartRenderer	null
PARAMETER	com.github.mikephil.charting.renderer.BarLineScatterCandleBubbleRenderer	isInBoundsX(com.github.mikephil.charting.data.Entry,com.github.mikephil.charting.interfaces.datasets.IBarLineScatterCandleBubbleDataSet)	e	0	file:///home/nima/Developer/AutoFixer/Evaluation/Projects/MPAndroidChart/MPChartLib/src/main/java/com/github/mikephil/charting/renderer/BarLineScatterCandleBubbleRenderer.java	PASS_NULLABLE	androidx.annotation.Nullable	com.github.mikephil.charting.renderer.BarChartRenderer	drawHighlighted(android.graphics.Canvas,com.github.mikephil.charting.highlight.Highlight[])
PARAMETER	com.github.mikephil.charting.renderer.BarLineScatterCandleBubbleRenderer	isInBoundsX(com.github.mikephil.charting.data.Entry,com.github.mikephil.charting.interfaces.datasets.IBarLineScatterCandleBubbleDataSet)	e	0	file:///home/nima/Developer/AutoFixer/Evaluation/Projects/MPAndroidChart/MPChartLib/src/main/java/com/github/mikephil/charting/renderer/BarLineScatterCandleBubbleRenderer.java	PASS_NULLABLE	androidx.annotation.Nullable	com.github.mikephil.charting.renderer.ScatterChartRenderer	drawHighlighted(android.graphics.Canvas,com.github.mikephil.charting.highlight.Highlight[])
METHOD	com.github.mikephil.charting.highlight.ChartHighlighter	getHighlight(float,float)	null	null	file:///home/nima/Developer/AutoFixer/Evaluation/Projects/MPAndroidChart/MPChartLib/src/main/java/com/github/mikephil/charting/highlight/ChartHighlighter.java	WRONG_OVERRIDE_RETURN	androidx.annotation.Nullable	com.github.mikephil.charting.highlight.BarHighlighter	getHighlight(float,float)
METHOD	com.github.mikephil.charting.highlight.IHighlighter	getHighlight(float,float)	null	null	file:///home/nima/Developer/AutoFixer/Evaluation/Projects/MPAndroidChart/MPChartLib/src/main/java/com/github/mikephil/charting/highlight/IHighlighter.java	WRONG_OVERRIDE_RETURN	androidx.annotation.Nullable	com.github.mikephil.charting.highlight.PieRadarHighlighter	getHighlight(float,float)
METHOD	com.github.mikephil.charting.highlight.PieRadarHighlighter	getClosestHighlight(int,float,float)	null	null	file:///home/nima/Developer/AutoFixer/Evaluation/Projects/MPAndroidChart/MPChartLib/src/main/java/com/github/mikephil/charting/highlight/PieRadarHighlighter.java	WRONG_OVERRIDE_RETURN	androidx.annotation.Nullable	com.github.mikephil.charting.highlight.RadarHighlighter	getClosestHighlight(int,float,float)
PARAMETER	com.github.mikephil.charting.utils.Utils	velocityTrackerPointerUpCleanUpIfNecessary(android.view.MotionEvent,android.view.VelocityTracker)	tracker	1	file:///home/nima/Developer/AutoFixer/Evaluation/Projects/MPAndroidChart/MPChartLib/src/main/java/com/github/mikephil/charting/utils/Utils.java	PASS_NULLABLE	androidx.annotation.Nullable	com.github.mikephil.charting.listener.BarLineChartTouchListener	onTouch(android.view.View,android.view.MotionEvent)
