{"reports": [{"annotation": "androidx.annotation.Nullable", "followups": [], "method": "null", "param": "mXAxis", "effect": 32, "index": "null", "location": "FIELD", "finished": true, "class": "com.github.mikephil.charting.charts.Chart", "pkg": "com.github.mikephil.charting.charts", "inject": "true", "uri": "///home/nima/Developer/AutoFixer/Evaluation/Projects/MPAndroidChart/MPChartLib/src/main/java/com/github/mikephil/charting/charts/Chart.java"}, {"annotation": "androidx.annotation.Nullable", "followups": [], "method": "null", "param": "mData", "effect": 27, "index": "null", "location": "FIELD", "finished": true, "class": "com.github.mikephil.charting.charts.Chart", "pkg": "com.github.mikephil.charting.charts", "inject": "true", "uri": "///home/nima/Developer/AutoFixer/Evaluation/Projects/MPAndroidChart/MPChartLib/src/main/java/com/github/mikephil/charting/charts/Chart.java"}, {"annotation": "androidx.annotation.Nullable", "followups": [], "method": "null", "param": "mAnimator", "effect": 20, "index": "null", "location": "FIELD", "finished": true, "class": "com.github.mikephil.charting.charts.Chart", "pkg": "com.github.mikephil.charting.charts", "inject": "true", "uri": "///home/nima/Developer/AutoFixer/Evaluation/Projects/MPAndroidChart/MPChartLib/src/main/java/com/github/mikephil/charting/charts/Chart.java"}, {"annotation": "androidx.annotation.Nullable", "followups": [], "method": "null", "param": "mAxisLeft", "effect": 18, "index": "null", "location": "FIELD", "finished": true, "class": "com.github.mikephil.charting.charts.BarLineChartBase", "pkg": "com.github.mikephil.charting.charts", "inject": "true", "uri": "///home/nima/Developer/AutoFixer/Evaluation/Projects/MPAndroidChart/MPChartLib/src/main/java/com/github/mikephil/charting/charts/BarLineChartBase.java"}, {"annotation": "androidx.annotation.Nullable", "followups": [], "method": "null", "param": "mAxisRight", "effect": 18, "index": "null", "location": "FIELD", "finished": true, "class": "com.github.mikephil.charting.charts.BarLineChartBase", "pkg": "com.github.mikephil.charting.charts", "inject": "true", "uri": "///home/nima/Developer/AutoFixer/Evaluation/Projects/MPAndroidChart/MPChartLib/src/main/java/com/github/mikephil/charting/charts/BarLineChartBase.java"}, {"annotation": "androidx.annotation.Nullable", "followups": [], "method": "null", "param": "mRenderer", "effect": 17, "index": "null", "location": "FIELD", "finished": true, "class": "com.github.mikephil.charting.charts.Chart", "pkg": "com.github.mikephil.charting.charts", "inject": "true", "uri": "///home/nima/Developer/AutoFixer/Evaluation/Projects/MPAndroidChart/MPChartLib/src/main/java/com/github/mikephil/charting/charts/Chart.java"}, {"annotation": "androidx.annotation.Nullable", "followups": [], "method": "getDataSetByIndex(int)", "param": "null", "effect": 15, "index": "null", "location": "METHOD", "finished": true, "class": "com.github.mikephil.charting.data.ChartData", "pkg": "com.github.mikephil.charting.data", "inject": "true", "uri": "///home/nima/Developer/AutoFixer/Evaluation/Projects/MPAndroidChart/MPChartLib/src/main/java/com/github/mikephil/charting/data/ChartData.java"}, {"annotation": "androidx.annotation.Nullable", "followups": [], "method": "null", "param": "mAxisLabelPaint", "effect": 15, "index": "null", "location": "FIELD", "finished": true, "class": "com.github.mikephil.charting.renderer.AxisRenderer", "pkg": "com.github.mikephil.charting.renderer", "inject": "true", "uri": "///home/nima/Developer/AutoFixer/Evaluation/Projects/MPAndroidChart/MPChartLib/src/main/java/com/github/mikephil/charting/renderer/AxisRenderer.java"}, {"annotation": "androidx.annotation.Nullable", "followups": [], "method": "null", "param": "mLegendRenderer", "effect": 9, "index": "null", "location": "FIELD", "finished": true, "class": "com.github.mikephil.charting.charts.Chart", "pkg": "com.github.mikephil.charting.charts", "inject": "true", "uri": "///home/nima/Developer/AutoFixer/Evaluation/Projects/MPAndroidChart/MPChartLib/src/main/java/com/github/mikephil/charting/charts/Chart.java"}, {"annotation": "androidx.annotation.Nullable", "followups": [], "method": "getMaxEntryCountSet()", "param": "null", "effect": 8, "index": "null", "location": "METHOD", "finished": true, "class": "com.github.mikephil.charting.data.ChartData", "pkg": "com.github.mikephil.charting.data", "inject": "true", "uri": "///home/nima/Developer/AutoFixer/Evaluation/Projects/MPAndroidChart/MPChartLib/src/main/java/com/github/mikephil/charting/data/ChartData.java"}, {"annotation": "androidx.annotation.Nullable", "followups": [], "method": "null", "param": "mYAxis", "effect": 8, "index": "null", "location": "FIELD", "finished": true, "class": "com.github.mikephil.charting.charts.RadarChart", "pkg": "com.github.mikephil.charting.charts", "inject": "true", "uri": "///home/nima/Developer/AutoFixer/Evaluation/Projects/MPAndroidChart/MPChartLib/src/main/java/com/github/mikephil/charting/charts/RadarChart.java"}, {"annotation": "androidx.annotation.Nullable", "followups": [], "method": "null", "param": "mAxisRendererLeft", "effect": 7, "index": "null", "location": "FIELD", "finished": true, "class": "com.github.mikephil.charting.charts.BarLineChartBase", "pkg": "com.github.mikephil.charting.charts", "inject": "true", "uri": "///home/nima/Developer/AutoFixer/Evaluation/Projects/MPAndroidChart/MPChartLib/src/main/java/com/github/mikephil/charting/charts/BarLineChartBase.java"}, {"annotation": "androidx.annotation.Nullable", "followups": [], "method": "null", "param": "mAxisRendererRight", "effect": 7, "index": "null", "location": "FIELD", "finished": true, "class": "com.github.mikephil.charting.charts.BarLineChartBase", "pkg": "com.github.mikephil.charting.charts", "inject": "true", "uri": "///home/nima/Developer/AutoFixer/Evaluation/Projects/MPAndroidChart/MPChartLib/src/main/java/com/github/mikephil/charting/charts/BarLineChartBase.java"}, {"annotation": "androidx.annotation.Nullable", "followups": [], "method": "null", "param": "mLimitLinePaint", "effect": 7, "index": "null", "location": "FIELD", "finished": true, "class": "com.github.mikephil.charting.renderer.AxisRenderer", "pkg": "com.github.mikephil.charting.renderer", "inject": "true", "uri": "///home/nima/Developer/AutoFixer/Evaluation/Projects/MPAndroidChart/MPChartLib/src/main/java/com/github/mikephil/charting/renderer/AxisRenderer.java"}, {"annotation": "androidx.annotation.Nullable", "followups": [], "method": "null", "param": "mInfoPaint", "effect": 5, "index": "null", "location": "FIELD", "finished": true, "class": "com.github.mikephil.charting.charts.Chart", "pkg": "com.github.mikephil.charting.charts", "inject": "true", "uri": "///home/nima/Developer/AutoFixer/Evaluation/Projects/MPAndroidChart/MPChartLib/src/main/java/com/github/mikephil/charting/charts/Chart.java"}, {"annotation": "androidx.annotation.Nullable", "followups": [], "method": "null", "param": "mIndicesToHighlight", "effect": 5, "index": "null", "location": "FIELD", "finished": true, "class": "com.github.mikephil.charting.charts.Chart", "pkg": "com.github.mikephil.charting.charts", "inject": "true", "uri": "///home/nima/Developer/AutoFixer/Evaluation/Projects/MPAndroidChart/MPChartLib/src/main/java/com/github/mikephil/charting/charts/Chart.java"}, {"annotation": "androidx.annotation.Nullable", "followups": [], "method": "null", "param": "mAxisLinePaint", "effect": 5, "index": "null", "location": "FIELD", "finished": true, "class": "com.github.mikephil.charting.renderer.AxisRenderer", "pkg": "com.github.mikephil.charting.renderer", "inject": "true", "uri": "///home/nima/Developer/AutoFixer/Evaluation/Projects/MPAndroidChart/MPChartLib/src/main/java/com/github/mikephil/charting/renderer/AxisRenderer.java"}, {"annotation": "androidx.annotation.Nullable", "followups": [], "method": "null", "param": "mBitmapCanvas", "effect": 5, "index": "null", "location": "FIELD", "finished": true, "class": "com.github.mikephil.charting.renderer.LineChartRenderer", "pkg": "com.github.mikephil.charting.renderer", "inject": "true", "uri": "///home/nima/Developer/AutoFixer/Evaluation/Projects/MPAndroidChart/MPChartLib/src/main/java/com/github/mikephil/charting/renderer/LineChartRenderer.java"}, {"annotation": "androidx.annotation.Nullable", "followups": [], "method": "null", "param": "mLeftAxisTransformer", "effect": 4, "index": "null", "location": "FIELD", "finished": true, "class": "com.github.mikephil.charting.charts.BarLineChartBase", "pkg": "com.github.mikephil.charting.charts", "inject": "true", "uri": "///home/nima/Developer/AutoFixer/Evaluation/Projects/MPAndroidChart/MPChartLib/src/main/java/com/github/mikephil/charting/charts/BarLineChartBase.java"}, {"annotation": "androidx.annotation.Nullable", "followups": [], "method": "null", "param": "mRightAxisTransformer", "effect": 4, "index": "null", "location": "FIELD", "finished": true, "class": "com.github.mikephil.charting.charts.BarLineChartBase", "pkg": "com.github.mikephil.charting.charts", "inject": "true", "uri": "///home/nima/Developer/AutoFixer/Evaluation/Projects/MPAndroidChart/MPChartLib/src/main/java/com/github/mikephil/charting/charts/BarLineChartBase.java"}, {"annotation": "androidx.annotation.Nullable", "followups": [], "method": "null", "param": "mXAxisRenderer", "effect": 4, "index": "null", "location": "FIELD", "finished": true, "class": "com.github.mikephil.charting.charts.BarLineChartBase", "pkg": "com.github.mikephil.charting.charts", "inject": "true", "uri": "///home/nima/Developer/AutoFixer/Evaluation/Projects/MPAndroidChart/MPChartLib/src/main/java/com/github/mikephil/charting/charts/BarLineChartBase.java"}, {"annotation": "androidx.annotation.Nullable", "followups": [], "method": "null", "param": "mChartTouchListener", "effect": 4, "index": "null", "location": "FIELD", "finished": true, "class": "com.github.mikephil.charting.charts.Chart", "pkg": "com.github.mikephil.charting.charts", "inject": "true", "uri": "///home/nima/Developer/AutoFixer/Evaluation/Projects/MPAndroidChart/MPChartLib/src/main/java/com/github/mikephil/charting/charts/Chart.java"}, {"annotation": "androidx.annotation.Nullable", "followups": [], "method": "null", "param": "mColors", "effect": 4, "index": "null", "location": "FIELD", "finished": true, "class": "com.github.mikephil.charting.data.BaseDataSet", "pkg": "com.github.mikephil.charting.data", "inject": "true", "uri": "///home/nima/Developer/AutoFixer/Evaluation/Projects/MPAndroidChart/MPChartLib/src/main/java/com/github/mikephil/charting/data/BaseDataSet.java"}, {"annotation": "androidx.annotation.Nullable", "followups": [], "method": "null", "param": "mValueColors", "effect": 4, "index": "null", "location": "FIELD", "finished": true, "class": "com.github.mikephil.charting.data.BaseDataSet", "pkg": "com.github.mikephil.charting.data", "inject": "true", "uri": "///home/nima/Developer/AutoFixer/Evaluation/Projects/MPAndroidChart/MPChartLib/src/main/java/com/github/mikephil/charting/data/BaseDataSet.java"}, {"annotation": "androidx.annotation.Nullable", "followups": [], "method": "null", "param": "mYAxisRenderer", "effect": 4, "index": "null", "location": "FIELD", "finished": true, "class": "com.github.mikephil.charting.charts.RadarChart", "pkg": "com.github.mikephil.charting.charts", "inject": "true", "uri": "///home/nima/Developer/AutoFixer/Evaluation/Projects/MPAndroidChart/MPChartLib/src/main/java/com/github/mikephil/charting/charts/RadarChart.java"}, {"annotation": "androidx.annotation.Nullable", "followups": [], "method": "null", "param": "mFills", "effect": 4, "index": "null", "location": "FIELD", "finished": true, "class": "com.github.mikephil.charting.data.BarDataSet", "pkg": "com.github.mikephil.charting.data", "inject": "true", "uri": "///home/nima/Developer/AutoFixer/Evaluation/Projects/MPAndroidChart/MPChartLib/src/main/java/com/github/mikephil/charting/data/BarDataSet.java"}, {"annotation": "androidx.annotation.Nullable", "followups": [], "method": "null", "param": "mGridPaint", "effect": 3, "index": "null", "location": "FIELD", "finished": true, "class": "com.github.mikephil.charting.renderer.AxisRenderer", "pkg": "com.github.mikephil.charting.renderer", "inject": "true", "uri": "///home/nima/Developer/AutoFixer/Evaluation/Projects/MPAndroidChart/MPChartLib/src/main/java/com/github/mikephil/charting/renderer/AxisRenderer.java"}, {"annotation": "androidx.annotation.Nullable", "followups": [], "method": "null", "param": "mCircleColors", "effect": 3, "index": "null", "location": "FIELD", "finished": true, "class": "com.github.mikephil.charting.data.LineDataSet", "pkg": "com.github.mikephil.charting.data", "inject": "true", "uri": "///home/nima/Developer/AutoFixer/Evaluation/Projects/MPAndroidChart/MPChartLib/src/main/java/com/github/mikephil/charting/data/LineDataSet.java"}, {"annotation": "androidx.annotation.Nullable", "followups": [], "method": "null", "param": "mXAxisRenderer", "effect": 3, "index": "null", "location": "FIELD", "finished": true, "class": "com.github.mikephil.charting.charts.RadarChart", "pkg": "com.github.mikephil.charting.charts", "inject": "true", "uri": "///home/nima/Developer/AutoFixer/Evaluation/Projects/MPAndroidChart/MPChartLib/src/main/java/com/github/mikephil/charting/charts/RadarChart.java"}, {"annotation": "androidx.annotation.Nullable", "followups": [], "method": "null", "param": "mBarBuffers", "effect": 3, "index": "null", "location": "FIELD", "finished": true, "class": "com.github.mikephil.charting.renderer.BarChartRenderer", "pkg": "com.github.mikephil.charting.renderer", "inject": "true", "uri": "///home/nima/Developer/AutoFixer/Evaluation/Projects/MPAndroidChart/MPChartLib/src/main/java/com/github/mikephil/charting/renderer/BarChartRenderer.java"}, {"annotation": "androidx.annotation.Nullable", "followups": [], "method": "null", "param": "mGridBackgroundPaint", "effect": 2, "index": "null", "location": "FIELD", "finished": true, "class": "com.github.mikephil.charting.charts.BarLineChartBase", "pkg": "com.github.mikephil.charting.charts", "inject": "true", "uri": "///home/nima/Developer/AutoFixer/Evaluation/Projects/MPAndroidChart/MPChartLib/src/main/java/com/github/mikephil/charting/charts/BarLineChartBase.java"}, {"annotation": "androidx.annotation.Nullable", "followups": [], "method": "null", "param": "mBorderPaint", "effect": 2, "index": "null", "location": "FIELD", "finished": true, "class": "com.github.mikephil.charting.charts.BarLineChartBase", "pkg": "com.github.mikephil.charting.charts", "inject": "true", "uri": "///home/nima/Developer/AutoFixer/Evaluation/Projects/MPAndroidChart/MPChartLib/src/main/java/com/github/mikephil/charting/charts/BarLineChartBase.java"}, {"annotation": "androidx.annotation.Nullable", "followups": [], "method": "null", "param": "mDescPaint", "effect": 2, "index": "null", "location": "FIELD", "finished": true, "class": "com.github.mikephil.charting.charts.Chart", "pkg": "com.github.mikephil.charting.charts", "inject": "true", "uri": "///home/nima/Developer/AutoFixer/Evaluation/Projects/MPAndroidChart/MPChartLib/src/main/java/com/github/mikephil/charting/charts/Chart.java"}, {"annotation": "androidx.annotation.Nullable", "followups": [], "method": "null", "param": "mYVals", "effect": 2, "index": "null", "location": "FIELD", "finished": true, "class": "com.github.mikephil.charting.data.BarEntry", "pkg": "com.github.mikephil.charting.data", "inject": "true", "uri": "///home/nima/Developer/AutoFixer/Evaluation/Projects/MPAndroidChart/MPChartLib/src/main/java/com/github/mikephil/charting/data/BarEntry.java"}, {"annotation": "androidx.annotation.Nullable", "followups": [], "method": "null", "param": "mBitmapCanvas", "effect": 2, "index": "null", "location": "FIELD", "finished": true, "class": "com.github.mikephil.charting.renderer.PieChartRenderer", "pkg": "com.github.mikephil.charting.renderer", "inject": "true", "uri": "///home/nima/Developer/AutoFixer/Evaluation/Projects/MPAndroidChart/MPChartLib/src/main/java/com/github/mikephil/charting/renderer/PieChartRenderer.java"}, {"annotation": "androidx.annotation.Nullable", "followups": [], "method": "null", "param": "circleBitmaps", "effect": 2, "index": "null", "location": "FIELD", "finished": true, "class": "com.github.mikephil.charting.renderer.LineChartRenderer.DataSetImageCache", "pkg": "com.github.mikephil.charting.renderer.LineChartRenderer", "inject": "true", "uri": "///home/nima/Developer/AutoFixer/Evaluation/Projects/MPAndroidChart/MPChartLib/src/main/java/com/github/mikephil/charting/renderer/LineChartRenderer.java"}, {"annotation": "androidx.annotation.Nullable", "followups": [], "method": "null", "param": "mDrawListener", "effect": 1, "index": "null", "location": "FIELD", "finished": true, "class": "com.github.mikephil.charting.charts.BarLineChartBase", "pkg": "com.github.mikephil.charting.charts", "inject": "true", "uri": "///home/nima/Developer/AutoFixer/Evaluation/Projects/MPAndroidChart/MPChartLib/src/main/java/com/github/mikephil/charting/charts/BarLineChartBase.java"}, {"annotation": "androidx.annotation.Nullable", "followups": [], "method": "null", "param": "mDescription", "effect": 1, "index": "null", "location": "FIELD", "finished": true, "class": "com.github.mikephil.charting.charts.Chart", "pkg": "com.github.mikephil.charting.charts", "inject": "true", "uri": "///home/nima/Developer/AutoFixer/Evaluation/Projects/MPAndroidChart/MPChartLib/src/main/java/com/github/mikephil/charting/charts/Chart.java"}, {"annotation": "androidx.annotation.Nullable", "followups": [], "method": "null", "param": "mLegend", "effect": 1, "index": "null", "location": "FIELD", "finished": true, "class": "com.github.mikephil.charting.charts.Chart", "pkg": "com.github.mikephil.charting.charts", "inject": "true", "uri": "///home/nima/Developer/AutoFixer/Evaluation/Projects/MPAndroidChart/MPChartLib/src/main/java/com/github/mikephil/charting/charts/Chart.java"}, {"annotation": "androidx.annotation.Nullable", "followups": [], "method": "null", "param": "mGestureListener", "effect": 1, "index": "null", "location": "FIELD", "finished": true, "class": "com.github.mikephil.charting.charts.Chart", "pkg": "com.github.mikephil.charting.charts", "inject": "true", "uri": "///home/nima/Developer/AutoFixer/Evaluation/Projects/MPAndroidChart/MPChartLib/src/main/java/com/github/mikephil/charting/charts/Chart.java"}, {"annotation": "androidx.annotation.Nullable", "followups": [], "method": "null", "param": "mHighlighter", "effect": 1, "index": "null", "location": "FIELD", "finished": true, "class": "com.github.mikephil.charting.charts.Chart", "pkg": "com.github.mikephil.charting.charts", "inject": "true", "uri": "///home/nima/Developer/AutoFixer/Evaluation/Projects/MPAndroidChart/MPChartLib/src/main/java/com/github/mikephil/charting/charts/Chart.java"}, {"annotation": "androidx.annotation.Nullable", "followups": [], "method": "null", "param": "mMarker", "effect": 1, "index": "null", "location": "FIELD", "finished": true, "class": "com.github.mikephil.charting.charts.Chart", "pkg": "com.github.mikephil.charting.charts", "inject": "true", "uri": "///home/nima/Developer/AutoFixer/Evaluation/Projects/MPAndroidChart/MPChartLib/src/main/java/com/github/mikephil/charting/charts/Chart.java"}, {"annotation": "androidx.annotation.Nullable", "followups": [], "method": "getHighlightByTouchPoint(float,float)", "param": "null", "effect": 1, "index": "null", "location": "METHOD", "finished": true, "class": "com.github.mikephil.charting.charts.Chart", "pkg": "com.github.mikephil.charting.charts", "inject": "true", "uri": "///home/nima/Developer/AutoFixer/Evaluation/Projects/MPAndroidChart/MPChartLib/src/main/java/com/github/mikephil/charting/charts/Chart.java"}, {"annotation": "androidx.annotation.Nullable", "followups": [], "method": "getEntryForHighlight(com.github.mikephil.charting.highlight.Highlight)", "param": "null", "effect": 1, "index": "null", "location": "METHOD", "finished": true, "class": "com.github.mikephil.charting.data.ChartData", "pkg": "com.github.mikephil.charting.data", "inject": "true", "uri": "///home/nima/Developer/AutoFixer/Evaluation/Projects/MPAndroidChart/MPChartLib/src/main/java/com/github/mikephil/charting/data/ChartData.java"}, {"annotation": "androidx.annotation.Nullable", "followups": [], "method": "getEntryForXValue(float,float,com.github.mikephil.charting.data.DataSet.Rounding)", "param": "null", "effect": 1, "index": "null", "location": "METHOD", "finished": true, "class": "com.github.mikephil.charting.data.DataSet", "pkg": "com.github.mikephil.charting.data", "inject": "true", "uri": "///home/nima/Developer/AutoFixer/Evaluation/Projects/MPAndroidChart/MPChartLib/src/main/java/com/github/mikephil/charting/data/DataSet.java"}, {"annotation": "androidx.annotation.Nullable", "followups": [], "method": "null", "param": "mValueFormatter", "effect": 1, "index": "null", "location": "FIELD", "finished": true, "class": "com.github.mikephil.charting.data.BaseDataSet", "pkg": "com.github.mikephil.charting.data", "inject": "true", "uri": "///home/nima/Developer/AutoFixer/Evaluation/Projects/MPAndroidChart/MPChartLib/src/main/java/com/github/mikephil/charting/data/BaseDataSet.java"}, {"annotation": "androidx.annotation.Nullable", "followups": [], "method": "null", "param": "mValueTypeface", "effect": 1, "index": "null", "location": "FIELD", "finished": true, "class": "com.github.mikephil.charting.data.BaseDataSet", "pkg": "com.github.mikephil.charting.data", "inject": "true", "uri": "///home/nima/Developer/AutoFixer/Evaluation/Projects/MPAndroidChart/MPChartLib/src/main/java/com/github/mikephil/charting/data/BaseDataSet.java"}, {"annotation": "androidx.annotation.Nullable", "followups": [], "method": "null", "param": "mZeroLinePaint", "effect": 1, "index": "null", "location": "FIELD", "finished": true, "class": "com.github.mikephil.charting.renderer.YAxisRenderer", "pkg": "com.github.mikephil.charting.renderer", "inject": "true", "uri": "///home/nima/Developer/AutoFixer/Evaluation/Projects/MPAndroidChart/MPChartLib/src/main/java/com/github/mikephil/charting/renderer/YAxisRenderer.java"}, {"annotation": "androidx.annotation.Nullable", "followups": [], "method": "getGradientColors()", "param": "null", "effect": 1, "index": "null", "location": "METHOD", "finished": true, "class": "com.github.mikephil.charting.utils.Fill", "pkg": "com.github.mikephil.charting.utils", "inject": "true", "uri": "///home/nima/Developer/AutoFixer/Evaluation/Projects/MPAndroidChart/MPChartLib/src/main/java/com/github/mikephil/charting/utils/Fill.java"}, {"annotation": "androidx.annotation.Nullable", "followups": [], "method": "null", "param": "mLineData", "effect": 1, "index": "null", "location": "FIELD", "finished": true, "class": "com.github.mikephil.charting.data.CombinedData", "pkg": "com.github.mikephil.charting.data", "inject": "true", "uri": "///home/nima/Developer/AutoFixer/Evaluation/Projects/MPAndroidChart/MPChartLib/src/main/java/com/github/mikephil/charting/data/CombinedData.java"}, {"annotation": "androidx.annotation.Nullable", "followups": [], "method": "null", "param": "mBarData", "effect": 1, "index": "null", "location": "FIELD", "finished": true, "class": "com.github.mikephil.charting.data.CombinedData", "pkg": "com.github.mikephil.charting.data", "inject": "true", "uri": "///home/nima/Developer/AutoFixer/Evaluation/Projects/MPAndroidChart/MPChartLib/src/main/java/com/github/mikephil/charting/data/CombinedData.java"}, {"annotation": "androidx.annotation.Nullable", "followups": [], "method": "null", "param": "mScatterData", "effect": 1, "index": "null", "location": "FIELD", "finished": true, "class": "com.github.mikephil.charting.data.CombinedData", "pkg": "com.github.mikephil.charting.data", "inject": "true", "uri": "///home/nima/Developer/AutoFixer/Evaluation/Projects/MPAndroidChart/MPChartLib/src/main/java/com/github/mikephil/charting/data/CombinedData.java"}, {"annotation": "androidx.annotation.Nullable", "followups": [], "method": "null", "param": "mCandleData", "effect": 1, "index": "null", "location": "FIELD", "finished": true, "class": "com.github.mikephil.charting.data.CombinedData", "pkg": "com.github.mikephil.charting.data", "inject": "true", "uri": "///home/nima/Developer/AutoFixer/Evaluation/Projects/MPAndroidChart/MPChartLib/src/main/java/com/github/mikephil/charting/data/CombinedData.java"}, {"annotation": "androidx.annotation.Nullable", "followups": [], "method": "null", "param": "mBubbleData", "effect": 1, "index": "null", "location": "FIELD", "finished": true, "class": "com.github.mikephil.charting.data.CombinedData", "pkg": "com.github.mikephil.charting.data", "inject": "true", "uri": "///home/nima/Developer/AutoFixer/Evaluation/Projects/MPAndroidChart/MPChartLib/src/main/java/com/github/mikephil/charting/data/CombinedData.java"}, {"annotation": "androidx.annotation.Nullable", "followups": [], "method": "null", "param": "mCenterTextLayout", "effect": 1, "index": "null", "location": "FIELD", "finished": true, "class": "com.github.mikephil.charting.renderer.PieChartRenderer", "pkg": "com.github.mikephil.charting.renderer", "inject": "true", "uri": "///home/nima/Developer/AutoFixer/Evaluation/Projects/MPAndroidChart/MPChartLib/src/main/java/com/github/mikephil/charting/renderer/PieChartRenderer.java"}, {"annotation": "androidx.annotation.Nullable", "followups": [], "method": "getDataSetByTouchPoint(float,float)", "param": "null", "effect": 0, "index": "null", "location": "METHOD", "finished": true, "class": "com.github.mikephil.charting.charts.BarLineChartBase", "pkg": "com.github.mikephil.charting.charts", "inject": "true", "uri": "///home/nima/Developer/AutoFixer/Evaluation/Projects/MPAndroidChart/MPChartLib/src/main/java/com/github/mikephil/charting/charts/BarLineChartBase.java"}, {"annotation": "androidx.annotation.Nullable", "followups": [], "method": "getPaint(int)", "param": "null", "effect": 0, "index": "null", "location": "METHOD", "finished": true, "class": "com.github.mikephil.charting.charts.BarLineChartBase", "pkg": "com.github.mikephil.charting.charts", "inject": "true", "uri": "///home/nima/Developer/AutoFixer/Evaluation/Projects/MPAndroidChart/MPChartLib/src/main/java/com/github/mikephil/charting/charts/BarLineChartBase.java"}, {"annotation": "androidx.annotation.Nullable", "followups": [], "method": "null", "param": "mSelectionListener", "effect": 0, "index": "null", "location": "FIELD", "finished": true, "class": "com.github.mikephil.charting.charts.Chart", "pkg": "com.github.mikephil.charting.charts", "inject": "true", "uri": "///home/nima/Developer/AutoFixer/Evaluation/Projects/MPAndroidChart/MPChartLib/src/main/java/com/github/mikephil/charting/charts/Chart.java"}, {"annotation": "androidx.annotation.Nullable", "followups": [], "method": "null", "param": "mTypeface", "effect": 0, "index": "null", "location": "FIELD", "finished": true, "class": "com.github.mikephil.charting.components.ComponentBase", "pkg": "com.github.mikephil.charting.components", "inject": "true", "uri": "///home/nima/Developer/AutoFixer/Evaluation/Projects/MPAndroidChart/MPChartLib/src/main/java/com/github/mikephil/charting/components/ComponentBase.java"}, {"annotation": "androidx.annotation.Nullable", "followups": [], "method": "null", "param": "mData", "effect": 0, "index": "null", "location": "FIELD", "finished": true, "class": "com.github.mikephil.charting.data.BaseEntry", "pkg": "com.github.mikephil.charting.data", "inject": "true", "uri": "///home/nima/Developer/AutoFixer/Evaluation/Projects/MPAndroidChart/MPChartLib/src/main/java/com/github/mikephil/charting/data/BaseEntry.java"}, {"annotation": "androidx.annotation.Nullable", "followups": [], "method": "null", "param": "mIcon", "effect": 0, "index": "null", "location": "FIELD", "finished": true, "class": "com.github.mikephil.charting.data.BaseEntry", "pkg": "com.github.mikephil.charting.data", "inject": "true", "uri": "///home/nima/Developer/AutoFixer/Evaluation/Projects/MPAndroidChart/MPChartLib/src/main/java/com/github/mikephil/charting/data/BaseEntry.java"}, {"annotation": "androidx.annotation.Nullable", "followups": [], "method": "null", "param": "mFormLineDashEffect", "effect": 0, "index": "null", "location": "FIELD", "finished": true, "class": "com.github.mikephil.charting.data.BaseDataSet", "pkg": "com.github.mikephil.charting.data", "inject": "true", "uri": "///home/nima/Developer/AutoFixer/Evaluation/Projects/MPAndroidChart/MPChartLib/src/main/java/com/github/mikephil/charting/data/BaseDataSet.java"}, {"annotation": "androidx.annotation.Nullable", "followups": [], "method": "null", "param": "mExtraEntries", "effect": 0, "index": "null", "location": "FIELD", "finished": true, "class": "com.github.mikephil.charting.components.Legend", "pkg": "com.github.mikephil.charting.components", "inject": "true", "uri": "///home/nima/Developer/AutoFixer/Evaluation/Projects/MPAndroidChart/MPChartLib/src/main/java/com/github/mikephil/charting/components/Legend.java"}, {"annotation": "androidx.annotation.Nullable", "followups": [], "method": "null", "param": "mFormLineDashEffect", "effect": 0, "index": "null", "location": "FIELD", "finished": true, "class": "com.github.mikephil.charting.components.Legend", "pkg": "com.github.mikephil.charting.components", "inject": "true", "uri": "///home/nima/Developer/AutoFixer/Evaluation/Projects/MPAndroidChart/MPChartLib/src/main/java/com/github/mikephil/charting/components/Legend.java"}, {"annotation": "androidx.annotation.Nullable", "followups": [], "method": "null", "param": "label", "effect": 0, "index": "null", "location": "FIELD", "finished": true, "class": "com.github.mikephil.charting.components.LegendEntry", "pkg": "com.github.mikephil.charting.components", "inject": "true", "uri": "///home/nima/Developer/AutoFixer/Evaluation/Projects/MPAndroidChart/MPChartLib/src/main/java/com/github/mikephil/charting/components/LegendEntry.java"}, {"annotation": "androidx.annotation.Nullable", "followups": [], "method": "null", "param": "mFormat", "effect": 0, "index": "null", "location": "FIELD", "finished": true, "class": "com.github.mikephil.charting.formatter.DefaultValueFormatter", "pkg": "com.github.mikephil.charting.formatter", "inject": "true", "uri": "///home/nima/Developer/AutoFixer/Evaluation/Projects/MPAndroidChart/MPChartLib/src/main/java/com/github/mikephil/charting/formatter/DefaultValueFormatter.java"}, {"annotation": "androidx.annotation.Nullable", "followups": [], "method": "null", "param": "mPosition", "effect": 0, "index": "null", "location": "FIELD", "finished": true, "class": "com.github.mikephil.charting.components.Description", "pkg": "com.github.mikephil.charting.components", "inject": "true", "uri": "///home/nima/Developer/AutoFixer/Evaluation/Projects/MPAndroidChart/MPChartLib/src/main/java/com/github/mikephil/charting/components/Description.java"}, {"annotation": "androidx.annotation.Nullable", "followups": [], "method": "null", "param": "mLastHighlighted", "effect": 0, "index": "null", "location": "FIELD", "finished": true, "class": "com.github.mikephil.charting.listener.ChartTouchListener", "pkg": "com.github.mikephil.charting.listener", "inject": "true", "uri": "///home/nima/Developer/AutoFixer/Evaluation/Projects/MPAndroidChart/MPChartLib/src/main/java/com/github/mikephil/charting/listener/ChartTouchListener.java"}, {"annotation": "androidx.annotation.Nullable", "followups": [], "method": "getHighlightForX(float,float,float)", "param": "null", "effect": 0, "index": "null", "location": "METHOD", "finished": true, "class": "com.github.mikephil.charting.highlight.ChartHighlighter", "pkg": "com.github.mikephil.charting.highlight", "inject": "true", "uri": "///home/nima/Developer/AutoFixer/Evaluation/Projects/MPAndroidChart/MPChartLib/src/main/java/com/github/mikephil/charting/highlight/ChartHighlighter.java"}, {"annotation": "androidx.annotation.Nullable", "followups": [], "method": "getClosestHighlightByPixel(java.util.List<com.github.mikephil.charting.highlight.Highlight>,float,float,com.github.mikephil.charting.components.YAxis.AxisDependency,float)", "param": "null", "effect": 0, "index": "null", "location": "METHOD", "finished": true, "class": "com.github.mikephil.charting.highlight.ChartHighlighter", "pkg": "com.github.mikephil.charting.highlight", "inject": "true", "uri": "///home/nima/Developer/AutoFixer/Evaluation/Projects/MPAndroidChart/MPChartLib/src/main/java/com/github/mikephil/charting/highlight/ChartHighlighter.java"}, {"annotation": "androidx.annotation.Nullable", "followups": [], "method": "getHighlightByTouchPoint(float,float)", "param": "null", "effect": 0, "index": "null", "location": "METHOD", "finished": true, "class": "com.github.mikephil.charting.charts.BarChart", "pkg": "com.github.mikephil.charting.charts", "inject": "true", "uri": "///home/nima/Developer/AutoFixer/Evaluation/Projects/MPAndroidChart/MPChartLib/src/main/java/com/github/mikephil/charting/charts/BarChart.java"}, {"annotation": "androidx.annotation.Nullable", "followups": [], "method": "getHighlightByTouchPoint(float,float)", "param": "null", "effect": 0, "index": "null", "location": "METHOD", "finished": true, "class": "com.github.mikephil.charting.charts.CombinedChart", "pkg": "com.github.mikephil.charting.charts", "inject": "true", "uri": "///home/nima/Developer/AutoFixer/Evaluation/Projects/MPAndroidChart/MPChartLib/src/main/java/com/github/mikephil/charting/charts/CombinedChart.java"}, {"annotation": "androidx.annotation.Nullable", "followups": [], "method": "getLineData()", "param": "null", "effect": 0, "index": "null", "location": "METHOD", "finished": true, "class": "com.github.mikephil.charting.charts.CombinedChart", "pkg": "com.github.mikephil.charting.charts", "inject": "true", "uri": "///home/nima/Developer/AutoFixer/Evaluation/Projects/MPAndroidChart/MPChartLib/src/main/java/com/github/mikephil/charting/charts/CombinedChart.java"}, {"annotation": "androidx.annotation.Nullable", "followups": [], "method": "getBarData()", "param": "null", "effect": 0, "index": "null", "location": "METHOD", "finished": true, "class": "com.github.mikephil.charting.charts.CombinedChart", "pkg": "com.github.mikephil.charting.charts", "inject": "true", "uri": "///home/nima/Developer/AutoFixer/Evaluation/Projects/MPAndroidChart/MPChartLib/src/main/java/com/github/mikephil/charting/charts/CombinedChart.java"}, {"annotation": "androidx.annotation.Nullable", "followups": [], "method": "getScatterData()", "param": "null", "effect": 0, "index": "null", "location": "METHOD", "finished": true, "class": "com.github.mikephil.charting.charts.CombinedChart", "pkg": "com.github.mikephil.charting.charts", "inject": "true", "uri": "///home/nima/Developer/AutoFixer/Evaluation/Projects/MPAndroidChart/MPChartLib/src/main/java/com/github/mikephil/charting/charts/CombinedChart.java"}, {"annotation": "androidx.annotation.Nullable", "followups": [], "method": "getCandleData()", "param": "null", "effect": 0, "index": "null", "location": "METHOD", "finished": true, "class": "com.github.mikephil.charting.charts.CombinedChart", "pkg": "com.github.mikephil.charting.charts", "inject": "true", "uri": "///home/nima/Developer/AutoFixer/Evaluation/Projects/MPAndroidChart/MPChartLib/src/main/java/com/github/mikephil/charting/charts/CombinedChart.java"}, {"annotation": "androidx.annotation.Nullable", "followups": [], "method": "getBubbleData()", "param": "null", "effect": 0, "index": "null", "location": "METHOD", "finished": true, "class": "com.github.mikephil.charting.charts.CombinedChart", "pkg": "com.github.mikephil.charting.charts", "inject": "true", "uri": "///home/nima/Developer/AutoFixer/Evaluation/Projects/MPAndroidChart/MPChartLib/src/main/java/com/github/mikephil/charting/charts/CombinedChart.java"}, {"annotation": "androidx.annotation.Nullable", "followups": [], "method": "getPosition(com.github.mikephil.charting.data.Entry,com.github.mikephil.charting.components.YAxis.AxisDependency)", "param": "null", "effect": 0, "index": "null", "location": "METHOD", "finished": true, "class": "com.github.mikephil.charting.charts.HorizontalBarChart", "pkg": "com.github.mikephil.charting.charts", "inject": "true", "uri": "///home/nima/Developer/AutoFixer/Evaluation/Projects/MPAndroidChart/MPChartLib/src/main/java/com/github/mikephil/charting/charts/HorizontalBarChart.java"}, {"annotation": "androidx.annotation.Nullable", "followups": [], "method": "getHighlightByTouchPoint(float,float)", "param": "null", "effect": 0, "index": "null", "location": "METHOD", "finished": true, "class": "com.github.mikephil.charting.charts.HorizontalBarChart", "pkg": "com.github.mikephil.charting.charts", "inject": "true", "uri": "///home/nima/Developer/AutoFixer/Evaluation/Projects/MPAndroidChart/MPChartLib/src/main/java/com/github/mikephil/charting/charts/HorizontalBarChart.java"}, {"annotation": "androidx.annotation.Nullable", "followups": [], "method": "getDataSetByIndex(int)", "param": "null", "effect": 0, "index": "null", "location": "METHOD", "finished": true, "class": "com.github.mikephil.charting.data.PieData", "pkg": "com.github.mikephil.charting.data", "inject": "true", "uri": "///home/nima/Developer/AutoFixer/Evaluation/Projects/MPAndroidChart/MPChartLib/src/main/java/com/github/mikephil/charting/data/PieData.java"}, {"annotation": "androidx.annotation.Nullable", "followups": [], "method": "getDataSetByLabel(java.lang.String,boolean)", "param": "null", "effect": 0, "index": "null", "location": "METHOD", "finished": true, "class": "com.github.mikephil.charting.data.PieData", "pkg": "com.github.mikephil.charting.data", "inject": "true", "uri": "///home/nima/Developer/AutoFixer/Evaluation/Projects/MPAndroidChart/MPChartLib/src/main/java/com/github/mikephil/charting/data/PieData.java"}, {"annotation": "androidx.annotation.Nullable", "followups": [], "method": "YAxisRenderer(com.github.mikephil.charting.utils.ViewPortHandler,com.github.mikephil.charting.components.YAxis,com.github.mikephil.charting.utils.Transformer)", "param": "trans", "effect": 0, "index": "2", "location": "PARAMETER", "finished": true, "class": "com.github.mikephil.charting.renderer.YAxisRenderer", "pkg": "com.github.mikephil.charting.renderer", "inject": "true", "uri": "file:///home/nima/Developer/AutoFixer/Evaluation/Projects/MPAndroidChart/MPChartLib/src/main/java/com/github/mikephil/charting/renderer/YAxisRenderer.java"}, {"annotation": "androidx.annotation.Nullable", "followups": [], "method": "XAxisRenderer(com.github.mikephil.charting.utils.ViewPortHandler,com.github.mikephil.charting.components.XAxis,com.github.mikephil.charting.utils.Transformer)", "param": "trans", "effect": 0, "index": "2", "location": "PARAMETER", "finished": true, "class": "com.github.mikephil.charting.renderer.XAxisRenderer", "pkg": "com.github.mikephil.charting.renderer", "inject": "true", "uri": "file:///home/nima/Developer/AutoFixer/Evaluation/Projects/MPAndroidChart/MPChartLib/src/main/java/com/github/mikephil/charting/renderer/XAxisRenderer.java"}, {"annotation": "androidx.annotation.Nullable", "followups": [], "method": "MoveViewJob(com.github.mikephil.charting.utils.ViewPortHandler,float,float,com.github.mikephil.charting.utils.Transformer,android.view.View)", "param": "viewPortHandler", "effect": 0, "index": "0", "location": "PARAMETER", "finished": true, "class": "com.github.mikephil.charting.jobs.MoveViewJob", "pkg": "com.github.mikephil.charting.jobs", "inject": "true", "uri": "file:///home/nima/Developer/AutoFixer/Evaluation/Projects/MPAndroidChart/MPChartLib/src/main/java/com/github/mikephil/charting/jobs/MoveViewJob.java"}, {"annotation": "androidx.annotation.Nullable", "followups": [], "method": "MoveViewJob(com.github.mikephil.charting.utils.ViewPortHandler,float,float,com.github.mikephil.charting.utils.Transformer,android.view.View)", "param": "trans", "effect": 0, "index": "3", "location": "PARAMETER", "finished": true, "class": "com.github.mikephil.charting.jobs.MoveViewJob", "pkg": "com.github.mikephil.charting.jobs", "inject": "true", "uri": "file:///home/nima/Developer/AutoFixer/Evaluation/Projects/MPAndroidChart/MPChartLib/src/main/java/com/github/mikephil/charting/jobs/MoveViewJob.java"}, {"annotation": "androidx.annotation.Nullable", "followups": [], "method": "MoveViewJob(com.github.mikephil.charting.utils.ViewPortHandler,float,float,com.github.mikephil.charting.utils.Transformer,android.view.View)", "param": "v", "effect": 0, "index": "4", "location": "PARAMETER", "finished": true, "class": "com.github.mikephil.charting.jobs.MoveViewJob", "pkg": "com.github.mikephil.charting.jobs", "inject": "true", "uri": "file:///home/nima/Developer/AutoFixer/Evaluation/Projects/MPAndroidChart/MPChartLib/src/main/java/com/github/mikephil/charting/jobs/MoveViewJob.java"}, {"annotation": "androidx.annotation.Nullable", "followups": [], "method": "getRendererForShape(com.github.mikephil.charting.charts.ScatterChart.ScatterShape)", "param": "null", "effect": 0, "index": "null", "location": "METHOD", "finished": true, "class": "com.github.mikephil.charting.data.ScatterDataSet", "pkg": "com.github.mikephil.charting.data", "inject": "true", "uri": "///home/nima/Developer/AutoFixer/Evaluation/Projects/MPAndroidChart/MPChartLib/src/main/java/com/github/mikephil/charting/data/ScatterDataSet.java"}, {"annotation": "androidx.annotation.Nullable", "followups": [], "method": "null", "param": "mCenterTextLastValue", "effect": 0, "index": "null", "location": "FIELD", "finished": true, "class": "com.github.mikephil.charting.renderer.PieChartRenderer", "pkg": "com.github.mikephil.charting.renderer", "inject": "true", "uri": "///home/nima/Developer/AutoFixer/Evaluation/Projects/MPAndroidChart/MPChartLib/src/main/java/com/github/mikephil/charting/renderer/PieChartRenderer.java"}, {"annotation": "androidx.annotation.Nullable", "followups": [], "method": "null", "param": "mDrawBitmap", "effect": 0, "index": "null", "location": "FIELD", "finished": true, "class": "com.github.mikephil.charting.renderer.PieChartRenderer", "pkg": "com.github.mikephil.charting.renderer", "inject": "true", "uri": "///home/nima/Developer/AutoFixer/Evaluation/Projects/MPAndroidChart/MPChartLib/src/main/java/com/github/mikephil/charting/renderer/PieChartRenderer.java"}, {"annotation": "androidx.annotation.Nullable", "followups": [], "method": "getHighlight(float,float)", "param": "null", "effect": 0, "index": "null", "location": "METHOD", "finished": true, "class": "com.github.mikephil.charting.highlight.BarHighlighter", "pkg": "com.github.mikephil.charting.highlight", "inject": "true", "uri": "///home/nima/Developer/AutoFixer/Evaluation/Projects/MPAndroidChart/MPChartLib/src/main/java/com/github/mikephil/charting/highlight/BarHighlighter.java"}, {"annotation": "androidx.annotation.Nullable", "followups": [], "method": "getStackedHighlight(com.github.mikephil.charting.highlight.Highlight,com.github.mikephil.charting.interfaces.datasets.IBarDataSet,float,float)", "param": "null", "effect": 0, "index": "null", "location": "METHOD", "finished": true, "class": "com.github.mikephil.charting.highlight.BarHighlighter", "pkg": "com.github.mikephil.charting.highlight", "inject": "true", "uri": "///home/nima/Developer/AutoFixer/Evaluation/Projects/MPAndroidChart/MPChartLib/src/main/java/com/github/mikephil/charting/highlight/BarHighlighter.java"}, {"annotation": "androidx.annotation.Nullable", "followups": [], "method": "getHighlight(float,float)", "param": "null", "effect": 0, "index": "null", "location": "METHOD", "finished": true, "class": "com.github.mikephil.charting.highlight.HorizontalBarHighlighter", "pkg": "com.github.mikephil.charting.highlight", "inject": "true", "uri": "///home/nima/Developer/AutoFixer/Evaluation/Projects/MPAndroidChart/MPChartLib/src/main/java/com/github/mikephil/charting/highlight/HorizontalBarHighlighter.java"}, {"annotation": "androidx.annotation.Nullable", "followups": [], "method": "getClosestHighlight(int,float,float)", "param": "null", "effect": 0, "index": "null", "location": "METHOD", "finished": true, "class": "com.github.mikephil.charting.highlight.RadarHighlighter", "pkg": "com.github.mikephil.charting.highlight", "inject": "true", "uri": "///home/nima/Developer/AutoFixer/Evaluation/Projects/MPAndroidChart/MPChartLib/src/main/java/com/github/mikephil/charting/highlight/RadarHighlighter.java"}, {"annotation": "androidx.annotation.Nullable", "followups": [], "method": "null", "param": "mClosestDataSetToTouch", "effect": 0, "index": "null", "location": "FIELD", "finished": true, "class": "com.github.mikephil.charting.listener.BarLineChartTouchListener", "pkg": "com.github.mikephil.charting.listener", "inject": "true", "uri": "///home/nima/Developer/AutoFixer/Evaluation/Projects/MPAndroidChart/MPChartLib/src/main/java/com/github/mikephil/charting/listener/BarLineChartTouchListener.java"}, {"annotation": "androidx.annotation.Nullable", "followups": [], "method": "null", "param": "mVelocityTracker", "effect": 0, "index": "null", "location": "FIELD", "finished": true, "class": "com.github.mikephil.charting.listener.BarLineChartTouchListener", "pkg": "com.github.mikephil.charting.listener", "inject": "true", "uri": "///home/nima/Developer/AutoFixer/Evaluation/Projects/MPAndroidChart/MPChartLib/src/main/java/com/github/mikephil/charting/listener/BarLineChartTouchListener.java"}, {"annotation": "androidx.annotation.Nullable", "followups": [], "method": "getPosition(com.github.mikephil.charting.data.Entry,com.github.mikephil.charting.components.YAxis.AxisDependency)", "param": "null", "effect": -1, "index": "null", "location": "METHOD", "finished": true, "class": "com.github.mikephil.charting.charts.BarLineChartBase", "pkg": "com.github.mikephil.charting.charts", "inject": "true", "uri": "///home/nima/Developer/AutoFixer/Evaluation/Projects/MPAndroidChart/MPChartLib/src/main/java/com/github/mikephil/charting/charts/BarLineChartBase.java"}, {"annotation": "androidx.annotation.Nullable", "followups": [], "method": "getEntryByTouchPoint(float,float)", "param": "null", "effect": -1, "index": "null", "location": "METHOD", "finished": true, "class": "com.github.mikephil.charting.charts.BarLineChartBase", "pkg": "com.github.mikephil.charting.charts", "inject": "true", "uri": "///home/nima/Developer/AutoFixer/Evaluation/Projects/MPAndroidChart/MPChartLib/src/main/java/com/github/mikephil/charting/charts/BarLineChartBase.java"}, {"annotation": "androidx.annotation.Nullable", "followups": [], "method": "setLastHighlighted(com.github.mikephil.charting.highlight.Highlight)", "param": "high", "effect": -1, "index": "0", "location": "PARAMETER", "finished": true, "class": "com.github.mikephil.charting.listener.ChartTouchListener", "pkg": "com.github.mikephil.charting.listener", "inject": "true", "uri": "file:///home/nima/Developer/AutoFixer/Evaluation/Projects/MPAndroidChart/MPChartLib/src/main/java/com/github/mikephil/charting/listener/ChartTouchListener.java"}, {"annotation": "androidx.annotation.Nullable", "followups": [], "method": "onValueSelected(com.github.mikephil.charting.data.Entry,com.github.mikephil.charting.highlight.Highlight)", "param": "e", "effect": -1, "index": "0", "location": "PARAMETER", "finished": true, "class": "com.github.mikephil.charting.listener.OnChartValueSelectedListener", "pkg": "com.github.mikephil.charting.listener", "inject": "true", "uri": "file:///home/nima/Developer/AutoFixer/Evaluation/Projects/MPAndroidChart/MPChartLib/src/main/java/com/github/mikephil/charting/listener/OnChartValueSelectedListener.java"}, {"annotation": "androidx.annotation.Nullable", "followups": [], "method": "onValueSelected(com.github.mikephil.charting.data.Entry,com.github.mikephil.charting.highlight.Highlight)", "param": "h", "effect": -1, "index": "1", "location": "PARAMETER", "finished": true, "class": "com.github.mikephil.charting.listener.OnChartValueSelectedListener", "pkg": "com.github.mikephil.charting.listener", "inject": "true", "uri": "file:///home/nima/Developer/AutoFixer/Evaluation/Projects/MPAndroidChart/MPChartLib/src/main/java/com/github/mikephil/charting/listener/OnChartValueSelectedListener.java"}, {"annotation": "androidx.annotation.Nullable", "followups": [], "method": "getPaint(int)", "param": "null", "effect": -1, "index": "null", "location": "METHOD", "finished": true, "class": "com.github.mikephil.charting.charts.Chart", "pkg": "com.github.mikephil.charting.charts", "inject": "true", "uri": "///home/nima/Developer/AutoFixer/Evaluation/Projects/MPAndroidChart/MPChartLib/src/main/java/com/github/mikephil/charting/charts/Chart.java"}, {"annotation": "androidx.annotation.Nullable", "followups": [], "method": "null", "param": "mAxisValueFormatter", "effect": -1, "index": "null", "location": "FIELD", "finished": true, "class": "com.github.mikephil.charting.components.AxisBase", "pkg": "com.github.mikephil.charting.components", "inject": "true", "uri": "///home/nima/Developer/AutoFixer/Evaluation/Projects/MPAndroidChart/MPChartLib/src/main/java/com/github/mikephil/charting/components/AxisBase.java"}, {"annotation": "androidx.annotation.Nullable", "followups": [], "method": "null", "param": "mAxisLineDashPathEffect", "effect": -1, "index": "null", "location": "FIELD", "finished": true, "class": "com.github.mikephil.charting.components.AxisBase", "pkg": "com.github.mikephil.charting.components", "inject": "true", "uri": "///home/nima/Developer/AutoFixer/Evaluation/Projects/MPAndroidChart/MPChartLib/src/main/java/com/github/mikephil/charting/components/AxisBase.java"}, {"annotation": "androidx.annotation.Nullable", "followups": [], "method": "null", "param": "mGridDashPathEffect", "effect": -1, "index": "null", "location": "FIELD", "finished": true, "class": "com.github.mikephil.charting.components.AxisBase", "pkg": "com.github.mikephil.charting.components", "inject": "true", "uri": "///home/nima/Developer/AutoFixer/Evaluation/Projects/MPAndroidChart/MPChartLib/src/main/java/com/github/mikephil/charting/components/AxisBase.java"}, {"annotation": "androidx.annotation.Nullable", "followups": [], "method": "getDataSetByLabel(java.lang.String,boolean)", "param": "null", "effect": -1, "index": "null", "location": "METHOD", "finished": true, "class": "com.github.mikephil.charting.data.ChartData", "pkg": "com.github.mikephil.charting.data", "inject": "true", "uri": "///home/nima/Developer/AutoFixer/Evaluation/Projects/MPAndroidChart/MPChartLib/src/main/java/com/github/mikephil/charting/data/ChartData.java"}, {"annotation": "androidx.annotation.Nullable", "followups": [], "method": "getColors()", "param": "null", "effect": -1, "index": "null", "location": "METHOD", "finished": true, "class": "com.github.mikephil.charting.data.ChartData", "pkg": "com.github.mikephil.charting.data", "inject": "true", "uri": "///home/nima/Developer/AutoFixer/Evaluation/Projects/MPAndroidChart/MPChartLib/src/main/java/com/github/mikephil/charting/data/ChartData.java"}, {"annotation": "androidx.annotation.Nullable", "followups": [], "method": "getFirstLeft(java.util.List<T>)", "param": "null", "effect": -1, "index": "null", "location": "METHOD", "finished": true, "class": "com.github.mikephil.charting.data.ChartData", "pkg": "com.github.mikephil.charting.data", "inject": "true", "uri": "///home/nima/Developer/AutoFixer/Evaluation/Projects/MPAndroidChart/MPChartLib/src/main/java/com/github/mikephil/charting/data/ChartData.java"}, {"annotation": "androidx.annotation.Nullable", "followups": [], "method": "getFirstRight(java.util.List<T>)", "param": "null", "effect": -1, "index": "null", "location": "METHOD", "finished": true, "class": "com.github.mikephil.charting.data.ChartData", "pkg": "com.github.mikephil.charting.data", "inject": "true", "uri": "///home/nima/Developer/AutoFixer/Evaluation/Projects/MPAndroidChart/MPChartLib/src/main/java/com/github/mikephil/charting/data/ChartData.java"}, {"annotation": "androidx.annotation.Nullable", "followups": [], "method": "null", "param": "formLineDashEffect", "effect": -1, "index": "null", "location": "FIELD", "finished": true, "class": "com.github.mikephil.charting.components.LegendEntry", "pkg": "com.github.mikephil.charting.components", "inject": "true", "uri": "///home/nima/Developer/AutoFixer/Evaluation/Projects/MPAndroidChart/MPChartLib/src/main/java/com/github/mikephil/charting/components/LegendEntry.java"}, {"annotation": "androidx.annotation.Nullable", "followups": [], "method": "null", "param": "axis", "effect": -1, "index": "null", "location": "FIELD", "finished": true, "class": "com.github.mikephil.charting.highlight.Highlight", "pkg": "com.github.mikephil.charting.highlight", "inject": "true", "uri": "///home/nima/Developer/AutoFixer/Evaluation/Projects/MPAndroidChart/MPChartLib/src/main/java/com/github/mikephil/charting/highlight/Highlight.java"}, {"annotation": "androidx.annotation.Nullable", "followups": [], "method": "null", "param": "mDashPathEffect", "effect": -1, "index": "null", "location": "FIELD", "finished": true, "class": "com.github.mikephil.charting.components.LimitLine", "pkg": "com.github.mikephil.charting.components", "inject": "true", "uri": "///home/nima/Developer/AutoFixer/Evaluation/Projects/MPAndroidChart/MPChartLib/src/main/java/com/github/mikephil/charting/components/LimitLine.java"}, {"annotation": "androidx.annotation.Nullable", "followups": [], "method": "null", "param": "mDashPathEffect", "effect": -1, "index": "null", "location": "FIELD", "finished": true, "class": "com.github.mikephil.charting.data.LineDataSet", "pkg": "com.github.mikephil.charting.data", "inject": "true", "uri": "///home/nima/Developer/AutoFixer/Evaluation/Projects/MPAndroidChart/MPChartLib/src/main/java/com/github/mikephil/charting/data/LineDataSet.java"}, {"annotation": "androidx.annotation.Nullable", "followups": [], "method": "null", "param": "mFillDrawable", "effect": -1, "index": "null", "location": "FIELD", "finished": true, "class": "com.github.mikephil.charting.data.LineRadarDataSet", "pkg": "com.github.mikephil.charting.data", "inject": "true", "uri": "///home/nima/Developer/AutoFixer/Evaluation/Projects/MPAndroidChart/MPChartLib/src/main/java/com/github/mikephil/charting/data/LineRadarDataSet.java"}, {"annotation": "androidx.annotation.Nullable", "followups": [], "method": "null", "param": "mHighlightDashPathEffect", "effect": -1, "index": "null", "location": "FIELD", "finished": true, "class": "com.github.mikephil.charting.data.LineScatterCandleRadarDataSet", "pkg": "com.github.mikephil.charting.data", "inject": "true", "uri": "///home/nima/Developer/AutoFixer/Evaluation/Projects/MPAndroidChart/MPChartLib/src/main/java/com/github/mikephil/charting/data/LineScatterCandleRadarDataSet.java"}, {"annotation": "androidx.annotation.Nullable", "followups": [], "method": "LegendEntry(java.lang.String,com.github.mikephil.charting.components.Legend.LegendForm,float,float,android.graphics.DashPathEffect,int)", "param": "formLineDashEffect", "effect": -1, "index": "4", "location": "PARAMETER", "finished": true, "class": "com.github.mikephil.charting.components.LegendEntry", "pkg": "com.github.mikephil.charting.components", "inject": "true", "uri": "file:///home/nima/Developer/AutoFixer/Evaluation/Projects/MPAndroidChart/MPChartLib/src/main/java/com/github/mikephil/charting/components/LegendEntry.java"}, {"annotation": "androidx.annotation.Nullable", "followups": [], "method": "null", "param": "mListener", "effect": -1, "index": "null", "location": "FIELD", "finished": true, "class": "com.github.mikephil.charting.animation.ChartAnimator", "pkg": "com.github.mikephil.charting.animation", "inject": "true", "uri": "///home/nima/Developer/AutoFixer/Evaluation/Projects/MPAndroidChart/MPChartLib/src/main/java/com/github/mikephil/charting/animation/ChartAnimator.java"}, {"annotation": "androidx.annotation.Nullable", "followups": [], "method": "getGradientPositions()", "param": "null", "effect": -1, "index": "null", "location": "METHOD", "finished": true, "class": "com.github.mikephil.charting.utils.Fill", "pkg": "com.github.mikephil.charting.utils", "inject": "true", "uri": "///home/nima/Developer/AutoFixer/Evaluation/Projects/MPAndroidChart/MPChartLib/src/main/java/com/github/mikephil/charting/utils/Fill.java"}, {"annotation": "androidx.annotation.Nullable", "followups": [], "method": "getDataSetByHighlight(com.github.mikephil.charting.highlight.Highlight)", "param": "null", "effect": -1, "index": "null", "location": "METHOD", "finished": true, "class": "com.github.mikephil.charting.data.CombinedData", "pkg": "com.github.mikephil.charting.data", "inject": "true", "uri": "///home/nima/Developer/AutoFixer/Evaluation/Projects/MPAndroidChart/MPChartLib/src/main/java/com/github/mikephil/charting/data/CombinedData.java"}, {"annotation": "androidx.annotation.Nullable", "followups": [], "method": "null", "param": "mMetrics", "effect": -1, "index": "null", "location": "FIELD", "finished": true, "class": "com.github.mikephil.charting.utils.Utils", "pkg": "com.github.mikephil.charting.utils", "inject": "true", "uri": "///home/nima/Developer/AutoFixer/Evaluation/Projects/MPAndroidChart/MPChartLib/src/main/java/com/github/mikephil/charting/utils/Utils.java"}, {"annotation": "androidx.annotation.Nullable", "followups": [], "method": "AnimatedMoveViewJob(com.github.mikephil.charting.utils.ViewPortHandler,float,float,com.github.mikephil.charting.utils.Transformer,android.view.View,float,float,long)", "param": "viewPortHandler", "effect": -1, "index": "0", "location": "PARAMETER", "finished": true, "class": "com.github.mikephil.charting.jobs.AnimatedMoveViewJob", "pkg": "com.github.mikephil.charting.jobs", "inject": "true", "uri": "file:///home/nima/Developer/AutoFixer/Evaluation/Projects/MPAndroidChart/MPChartLib/src/main/java/com/github/mikephil/charting/jobs/AnimatedMoveViewJob.java"}, {"annotation": "androidx.annotation.Nullable", "followups": [], "method": "AnimatedMoveViewJob(com.github.mikephil.charting.utils.ViewPortHandler,float,float,com.github.mikephil.charting.utils.Transformer,android.view.View,float,float,long)", "param": "trans", "effect": -1, "index": "3", "location": "PARAMETER", "finished": true, "class": "com.github.mikephil.charting.jobs.AnimatedMoveViewJob", "pkg": "com.github.mikephil.charting.jobs", "inject": "true", "uri": "file:///home/nima/Developer/AutoFixer/Evaluation/Projects/MPAndroidChart/MPChartLib/src/main/java/com/github/mikephil/charting/jobs/AnimatedMoveViewJob.java"}, {"annotation": "androidx.annotation.Nullable", "followups": [], "method": "AnimatedMoveViewJob(com.github.mikephil.charting.utils.ViewPortHandler,float,float,com.github.mikephil.charting.utils.Transformer,android.view.View,float,float,long)", "param": "v", "effect": -1, "index": "4", "location": "PARAMETER", "finished": true, "class": "com.github.mikephil.charting.jobs.AnimatedMoveViewJob", "pkg": "com.github.mikephil.charting.jobs", "inject": "true", "uri": "file:///home/nima/Developer/AutoFixer/Evaluation/Projects/MPAndroidChart/MPChartLib/src/main/java/com/github/mikephil/charting/jobs/AnimatedMoveViewJob.java"}, {"annotation": "androidx.annotation.Nullable", "followups": [], "method": "ZoomJob(com.github.mikephil.charting.utils.ViewPortHandler,float,float,float,float,com.github.mikephil.charting.utils.Transformer,com.github.mikephil.charting.components.YAxis.AxisDependency,android.view.View)", "param": "viewPortHandler", "effect": -1, "index": "0", "location": "PARAMETER", "finished": true, "class": "com.github.mikephil.charting.jobs.ZoomJob", "pkg": "com.github.mikephil.charting.jobs", "inject": "true", "uri": "file:///home/nima/Developer/AutoFixer/Evaluation/Projects/MPAndroidChart/MPChartLib/src/main/java/com/github/mikephil/charting/jobs/ZoomJob.java"}, {"annotation": "androidx.annotation.Nullable", "followups": [], "method": "ZoomJob(com.github.mikephil.charting.utils.ViewPortHandler,float,float,float,float,com.github.mikephil.charting.utils.Transformer,com.github.mikephil.charting.components.YAxis.AxisDependency,android.view.View)", "param": "trans", "effect": -1, "index": "5", "location": "PARAMETER", "finished": true, "class": "com.github.mikephil.charting.jobs.ZoomJob", "pkg": "com.github.mikephil.charting.jobs", "inject": "true", "uri": "file:///home/nima/Developer/AutoFixer/Evaluation/Projects/MPAndroidChart/MPChartLib/src/main/java/com/github/mikephil/charting/jobs/ZoomJob.java"}, {"annotation": "androidx.annotation.Nullable", "followups": [], "method": "ZoomJob(com.github.mikephil.charting.utils.ViewPortHandler,float,float,float,float,com.github.mikephil.charting.utils.Transformer,com.github.mikephil.charting.components.YAxis.AxisDependency,android.view.View)", "param": "axis", "effect": -1, "index": "6", "location": "PARAMETER", "finished": true, "class": "com.github.mikephil.charting.jobs.ZoomJob", "pkg": "com.github.mikephil.charting.jobs", "inject": "true", "uri": "file:///home/nima/Developer/AutoFixer/Evaluation/Projects/MPAndroidChart/MPChartLib/src/main/java/com/github/mikephil/charting/jobs/ZoomJob.java"}, {"annotation": "androidx.annotation.Nullable", "followups": [], "method": "ZoomJob(com.github.mikephil.charting.utils.ViewPortHandler,float,float,float,float,com.github.mikephil.charting.utils.Transformer,com.github.mikephil.charting.components.YAxis.AxisDependency,android.view.View)", "param": "v", "effect": -1, "index": "7", "location": "PARAMETER", "finished": true, "class": "com.github.mikephil.charting.jobs.ZoomJob", "pkg": "com.github.mikephil.charting.jobs", "inject": "true", "uri": "file:///home/nima/Developer/AutoFixer/Evaluation/Projects/MPAndroidChart/MPChartLib/src/main/java/com/github/mikephil/charting/jobs/ZoomJob.java"}, {"annotation": "androidx.annotation.Nullable", "followups": [], "method": "AnimatedZoomJob(com.github.mikephil.charting.utils.ViewPortHandler,android.view.View,com.github.mikephil.charting.utils.Transformer,com.github.mikephil.charting.components.YAxis,float,float,float,float,float,float,float,float,float,long)", "param": "viewPortHandler", "effect": -1, "index": "0", "location": "PARAMETER", "finished": true, "class": "com.github.mikephil.charting.jobs.AnimatedZoomJob", "pkg": "com.github.mikephil.charting.jobs", "inject": "true", "uri": "file:///home/nima/Developer/AutoFixer/Evaluation/Projects/MPAndroidChart/MPChartLib/src/main/java/com/github/mikephil/charting/jobs/AnimatedZoomJob.java"}, {"annotation": "androidx.annotation.Nullable", "followups": [], "method": "AnimatedZoomJob(com.github.mikephil.charting.utils.ViewPortHandler,android.view.View,com.github.mikephil.charting.utils.Transformer,com.github.mikephil.charting.components.YAxis,float,float,float,float,float,float,float,float,float,long)", "param": "v", "effect": -1, "index": "1", "location": "PARAMETER", "finished": true, "class": "com.github.mikephil.charting.jobs.AnimatedZoomJob", "pkg": "com.github.mikephil.charting.jobs", "inject": "true", "uri": "file:///home/nima/Developer/AutoFixer/Evaluation/Projects/MPAndroidChart/MPChartLib/src/main/java/com/github/mikephil/charting/jobs/AnimatedZoomJob.java"}, {"annotation": "androidx.annotation.Nullable", "followups": [], "method": "AnimatedZoomJob(com.github.mikephil.charting.utils.ViewPortHandler,android.view.View,com.github.mikephil.charting.utils.Transformer,com.github.mikephil.charting.components.YAxis,float,float,float,float,float,float,float,float,float,long)", "param": "trans", "effect": -1, "index": "2", "location": "PARAMETER", "finished": true, "class": "com.github.mikephil.charting.jobs.AnimatedZoomJob", "pkg": "com.github.mikephil.charting.jobs", "inject": "true", "uri": "file:///home/nima/Developer/AutoFixer/Evaluation/Projects/MPAndroidChart/MPChartLib/src/main/java/com/github/mikephil/charting/jobs/AnimatedZoomJob.java"}, {"annotation": "androidx.annotation.Nullable", "followups": [], "method": "AnimatedZoomJob(com.github.mikephil.charting.utils.ViewPortHandler,android.view.View,com.github.mikephil.charting.utils.Transformer,com.github.mikephil.charting.components.YAxis,float,float,float,float,float,float,float,float,float,long)", "param": "axis", "effect": -1, "index": "3", "location": "PARAMETER", "finished": true, "class": "com.github.mikephil.charting.jobs.AnimatedZoomJob", "pkg": "com.github.mikephil.charting.jobs", "inject": "true", "uri": "file:///home/nima/Developer/AutoFixer/Evaluation/Projects/MPAndroidChart/MPChartLib/src/main/java/com/github/mikephil/charting/jobs/AnimatedZoomJob.java"}, {"annotation": "androidx.annotation.Nullable", "followups": [], "method": "getSubRenderer(int)", "param": "null", "effect": -1, "index": "null", "location": "METHOD", "finished": true, "class": "com.github.mikephil.charting.renderer.CombinedChartRenderer", "pkg": "com.github.mikephil.charting.renderer", "inject": "true", "uri": "///home/nima/Developer/AutoFixer/Evaluation/Projects/MPAndroidChart/MPChartLib/src/main/java/com/github/mikephil/charting/renderer/CombinedChartRenderer.java"}, {"annotation": "androidx.annotation.Nullable", "followups": [], "method": "null", "param": "mDrawBitmap", "effect": -1, "index": "null", "location": "FIELD", "finished": true, "class": "com.github.mikephil.charting.renderer.LineChartRenderer", "pkg": "com.github.mikephil.charting.renderer", "inject": "true", "uri": "///home/nima/Developer/AutoFixer/Evaluation/Projects/MPAndroidChart/MPChartLib/src/main/java/com/github/mikephil/charting/renderer/LineChartRenderer.java"}, {"annotation": "androidx.annotation.Nullable", "followups": [], "method": "getHighlight(float,float)", "param": "null", "effect": -1, "index": "null", "location": "METHOD", "finished": true, "class": "com.github.mikephil.charting.highlight.PieRadarHighlighter", "pkg": "com.github.mikephil.charting.highlight", "inject": "true", "uri": "///home/nima/Developer/AutoFixer/Evaluation/Projects/MPAndroidChart/MPChartLib/src/main/java/com/github/mikephil/charting/highlight/PieRadarHighlighter.java"}, {"annotation": "androidx.annotation.Nullable", "followups": [], "method": "null", "param": "mWeakChart", "effect": -1, "index": "null", "location": "FIELD", "finished": true, "class": "com.github.mikephil.charting.components.MarkerView", "pkg": "com.github.mikephil.charting.components", "inject": "true", "uri": "///home/nima/Developer/AutoFixer/Evaluation/Projects/MPAndroidChart/MPChartLib/src/main/java/com/github/mikephil/charting/components/MarkerView.java"}, {"annotation": "androidx.annotation.Nullable", "followups": [], "method": "getChartView()", "param": "null", "effect": -1, "index": "null", "location": "METHOD", "finished": true, "class": "com.github.mikephil.charting.components.MarkerView", "pkg": "com.github.mikephil.charting.components", "inject": "true", "uri": "///home/nima/Developer/AutoFixer/Evaluation/Projects/MPAndroidChart/MPChartLib/src/main/java/com/github/mikephil/charting/components/MarkerView.java"}, {"annotation": "androidx.annotation.Nullable", "followups": [], "method": "null", "param": "mWeakChart", "effect": -1, "index": "null", "location": "FIELD", "finished": true, "class": "com.github.mikephil.charting.components.MarkerImage", "pkg": "com.github.mikephil.charting.components", "inject": "true", "uri": "///home/nima/Developer/AutoFixer/Evaluation/Projects/MPAndroidChart/MPChartLib/src/main/java/com/github/mikephil/charting/components/MarkerImage.java"}, {"annotation": "androidx.annotation.Nullable", "followups": [], "method": "getChartView()", "param": "null", "effect": -1, "index": "null", "location": "METHOD", "finished": true, "class": "com.github.mikephil.charting.components.MarkerImage", "pkg": "com.github.mikephil.charting.components", "inject": "true", "uri": "///home/nima/Developer/AutoFixer/Evaluation/Projects/MPAndroidChart/MPChartLib/src/main/java/com/github/mikephil/charting/components/MarkerImage.java"}, {"annotation": "androidx.annotation.Nullable", "followups": [], "method": "highlightValue(com.github.mikephil.charting.highlight.Highlight,boolean)", "param": "high", "effect": -2, "index": "0", "location": "PARAMETER", "finished": true, "class": "com.github.mikephil.charting.charts.Chart", "pkg": "com.github.mikephil.charting.charts", "inject": "true", "uri": "file:///home/nima/Developer/AutoFixer/Evaluation/Projects/MPAndroidChart/MPChartLib/src/main/java/com/github/mikephil/charting/charts/Chart.java"}, {"annotation": "androidx.annotation.Nullable", "followups": [], "method": "getDataSetForEntry(com.github.mikephil.charting.data.Entry)", "param": "null", "effect": -2, "index": "null", "location": "METHOD", "finished": true, "class": "com.github.mikephil.charting.data.ChartData", "pkg": "com.github.mikephil.charting.data", "inject": "true", "uri": "///home/nima/Developer/AutoFixer/Evaluation/Projects/MPAndroidChart/MPChartLib/src/main/java/com/github/mikephil/charting/data/ChartData.java"}, {"annotation": "androidx.annotation.Nullable", "followups": [], "method": "LegendEntry(java.lang.String,com.github.mikephil.charting.components.Legend.LegendForm,float,float,android.graphics.DashPathEffect,int)", "param": "label", "effect": -2, "index": "0", "location": "PARAMETER", "finished": true, "class": "com.github.mikephil.charting.components.LegendEntry", "pkg": "com.github.mikephil.charting.components", "inject": "true", "uri": "file:///home/nima/Developer/AutoFixer/Evaluation/Projects/MPAndroidChart/MPChartLib/src/main/java/com/github/mikephil/charting/components/LegendEntry.java"}, {"annotation": "androidx.annotation.Nullable", "followups": [], "method": "null", "param": "mFinalColor", "effect": -2, "index": "null", "location": "FIELD", "finished": true, "class": "com.github.mikephil.charting.utils.Fill", "pkg": "com.github.mikephil.charting.utils", "inject": "true", "uri": "///home/nima/Developer/AutoFixer/Evaluation/Projects/MPAndroidChart/MPChartLib/src/main/java/com/github/mikephil/charting/utils/Fill.java"}, {"annotation": "androidx.annotation.Nullable", "followups": [], "method": "null", "param": "mDrawOrder", "effect": -2, "index": "null", "location": "FIELD", "finished": true, "class": "com.github.mikephil.charting.charts.CombinedChart", "pkg": "com.github.mikephil.charting.charts", "inject": "true", "uri": "///home/nima/Developer/AutoFixer/Evaluation/Projects/MPAndroidChart/MPChartLib/src/main/java/com/github/mikephil/charting/charts/CombinedChart.java"}, {"annotation": "androidx.annotation.Nullable", "followups": [], "method": "getEntryForHighlight(com.github.mikephil.charting.highlight.Highlight)", "param": "null", "effect": -2, "index": "null", "location": "METHOD", "finished": true, "class": "com.github.mikephil.charting.data.CombinedData", "pkg": "com.github.mikephil.charting.data", "inject": "true", "uri": "///home/nima/Developer/AutoFixer/Evaluation/Projects/MPAndroidChart/MPChartLib/src/main/java/com/github/mikephil/charting/data/CombinedData.java"}, {"annotation": "androidx.annotation.Nullable", "followups": [], "method": "null", "param": "label", "effect": -2, "index": "null", "location": "FIELD", "finished": true, "class": "com.github.mikephil.charting.data.PieEntry", "pkg": "com.github.mikephil.charting.data", "inject": "true", "uri": "///home/nima/Developer/AutoFixer/Evaluation/Projects/MPAndroidChart/MPChartLib/src/main/java/com/github/mikephil/charting/data/PieEntry.java"}, {"annotation": "androidx.annotation.Nullable", "followups": [], "method": "null", "param": "mHighlightColor", "effect": -2, "index": "null", "location": "FIELD", "finished": true, "class": "com.github.mikephil.charting.data.PieDataSet", "pkg": "com.github.mikephil.charting.data", "inject": "true", "uri": "///home/nima/Developer/AutoFixer/Evaluation/Projects/MPAndroidChart/MPChartLib/src/main/java/com/github/mikephil/charting/data/PieDataSet.java"}, {"annotation": "androidx.annotation.Nullable", "followups": [], "method": "null", "param": "mLabels", "effect": -2, "index": "null", "location": "FIELD", "finished": true, "class": "com.github.mikephil.charting.data.RadarData", "pkg": "com.github.mikephil.charting.data", "inject": "true", "uri": "///home/nima/Developer/AutoFixer/Evaluation/Projects/MPAndroidChart/MPChartLib/src/main/java/com/github/mikephil/charting/data/RadarData.java"}, {"annotation": "androidx.annotation.Nullable", "followups": [], "method": "null", "param": "barHighlighter", "effect": -2, "index": "null", "location": "FIELD", "finished": true, "class": "com.github.mikephil.charting.highlight.CombinedHighlighter", "pkg": "com.github.mikephil.charting.highlight", "inject": "true", "uri": "///home/nima/Developer/AutoFixer/Evaluation/Projects/MPAndroidChart/MPChartLib/src/main/java/com/github/mikephil/charting/highlight/CombinedHighlighter.java"}, {"annotation": "androidx.annotation.Nullable", "followups": [], "method": "null", "param": "mRanges", "effect": -3, "index": "null", "location": "FIELD", "finished": true, "class": "com.github.mikephil.charting.data.BarEntry", "pkg": "com.github.mikephil.charting.data", "inject": "true", "uri": "///home/nima/Developer/AutoFixer/Evaluation/Projects/MPAndroidChart/MPChartLib/src/main/java/com/github/mikephil/charting/data/BarEntry.java"}, {"annotation": "androidx.annotation.Nullable", "followups": [], "method": "getBarData()", "param": "null", "effect": 12, "index": "null", "location": "METHOD", "finished": true, "class": "com.github.mikephil.charting.interfaces.dataprovider.BarDataProvider", "pkg": "com.github.mikephil.charting.interfaces.dataprovider", "inject": "true", "uri": "///home/nima/Developer/AutoFixer/Evaluation/Projects/MPAndroidChart/MPChartLib/src/main/java/com/github/mikephil/charting/interfaces/dataprovider/BarDataProvider.java"}, {"annotation": "androidx.annotation.Nullable", "followups": [], "method": "getData()", "param": "null", "effect": 5, "index": "null", "location": "METHOD", "finished": true, "class": "com.github.mikephil.charting.data.BaseEntry", "pkg": "com.github.mikephil.charting.data", "inject": "true", "uri": "///home/nima/Developer/AutoFixer/Evaluation/Projects/MPAndroidChart/MPChartLib/src/main/java/com/github/mikephil/charting/data/BaseEntry.java"}, {"annotation": "androidx.annotation.Nullable", "followups": [], "method": "getLineData()", "param": "null", "effect": 4, "index": "null", "location": "METHOD", "finished": true, "class": "com.github.mikephil.charting.interfaces.dataprovider.LineDataProvider", "pkg": "com.github.mikephil.charting.interfaces.dataprovider", "inject": "true", "uri": "///home/nima/Developer/AutoFixer/Evaluation/Projects/MPAndroidChart/MPChartLib/src/main/java/com/github/mikephil/charting/interfaces/dataprovider/LineDataProvider.java"}, {"annotation": "androidx.annotation.Nullable", "followups": [], "method": "getAxis()", "param": "null", "effect": 2, "index": "null", "location": "METHOD", "finished": true, "class": "com.github.mikephil.charting.highlight.Highlight", "pkg": "com.github.mikephil.charting.highlight", "inject": "true", "uri": "///home/nima/Developer/AutoFixer/Evaluation/Projects/MPAndroidChart/MPChartLib/src/main/java/com/github/mikephil/charting/highlight/Highlight.java"}, {"annotation": "androidx.annotation.Nullable", "followups": [], "method": "getScatterData()", "param": "null", "effect": 2, "index": "null", "location": "METHOD", "finished": true, "class": "com.github.mikephil.charting.interfaces.dataprovider.ScatterDataProvider", "pkg": "com.github.mikephil.charting.interfaces.dataprovider", "inject": "true", "uri": "///home/nima/Developer/AutoFixer/Evaluation/Projects/MPAndroidChart/MPChartLib/src/main/java/com/github/mikephil/charting/interfaces/dataprovider/ScatterDataProvider.java"}, {"annotation": "androidx.annotation.Nullable", "followups": [], "method": "getCandleData()", "param": "null", "effect": 2, "index": "null", "location": "METHOD", "finished": true, "class": "com.github.mikephil.charting.interfaces.dataprovider.CandleDataProvider", "pkg": "com.github.mikephil.charting.interfaces.dataprovider", "inject": "true", "uri": "///home/nima/Developer/AutoFixer/Evaluation/Projects/MPAndroidChart/MPChartLib/src/main/java/com/github/mikephil/charting/interfaces/dataprovider/CandleDataProvider.java"}, {"annotation": "androidx.annotation.Nullable", "followups": [], "method": "getRanges()", "param": "null", "effect": 1, "index": "null", "location": "METHOD", "finished": true, "class": "com.github.mikephil.charting.data.BarEntry", "pkg": "com.github.mikephil.charting.data", "inject": "true", "uri": "///home/nima/Developer/AutoFixer/Evaluation/Projects/MPAndroidChart/MPChartLib/src/main/java/com/github/mikephil/charting/data/BarEntry.java"}, {"annotation": "androidx.annotation.Nullable", "followups": [], "method": "getBubbleData()", "param": "null", "effect": 1, "index": "null", "location": "METHOD", "finished": true, "class": "com.github.mikephil.charting.interfaces.dataprovider.BubbleDataProvider", "pkg": "com.github.mikephil.charting.interfaces.dataprovider", "inject": "true", "uri": "///home/nima/Developer/AutoFixer/Evaluation/Projects/MPAndroidChart/MPChartLib/src/main/java/com/github/mikephil/charting/interfaces/dataprovider/BubbleDataProvider.java"}, {"annotation": "androidx.annotation.Nullable", "followups": [], "method": "getFormLineDashEffect()", "param": "null", "effect": 0, "index": "null", "location": "METHOD", "finished": true, "class": "com.github.mikephil.charting.data.BaseDataSet", "pkg": "com.github.mikephil.charting.data", "inject": "true", "uri": "///home/nima/Developer/AutoFixer/Evaluation/Projects/MPAndroidChart/MPChartLib/src/main/java/com/github/mikephil/charting/data/BaseDataSet.java"}, {"annotation": "androidx.annotation.Nullable", "followups": [], "method": "getDashPathEffect()", "param": "null", "effect": 0, "index": "null", "location": "METHOD", "finished": true, "class": "com.github.mikephil.charting.data.LineDataSet", "pkg": "com.github.mikephil.charting.data", "inject": "true", "uri": "///home/nima/Developer/AutoFixer/Evaluation/Projects/MPAndroidChart/MPChartLib/src/main/java/com/github/mikephil/charting/data/LineDataSet.java"}, {"annotation": "androidx.annotation.Nullable", "followups": [], "method": "getFillDrawable()", "param": "null", "effect": 0, "index": "null", "location": "METHOD", "finished": true, "class": "com.github.mikephil.charting.data.LineRadarDataSet", "pkg": "com.github.mikephil.charting.data", "inject": "true", "uri": "///home/nima/Developer/AutoFixer/Evaluation/Projects/MPAndroidChart/MPChartLib/src/main/java/com/github/mikephil/charting/data/LineRadarDataSet.java"}, {"annotation": "androidx.annotation.Nullable", "followups": [], "method": "getDashPathEffectHighlight()", "param": "null", "effect": 0, "index": "null", "location": "METHOD", "finished": true, "class": "com.github.mikephil.charting.data.LineScatterCandleRadarDataSet", "pkg": "com.github.mikephil.charting.data", "inject": "true", "uri": "///home/nima/Developer/AutoFixer/Evaluation/Projects/MPAndroidChart/MPChartLib/src/main/java/com/github/mikephil/charting/data/LineScatterCandleRadarDataSet.java"}, {"annotation": "androidx.annotation.Nullable", "followups": [], "method": "getDrawOrder()", "param": "null", "effect": 0, "index": "null", "location": "METHOD", "finished": true, "class": "com.github.mikephil.charting.charts.CombinedChart", "pkg": "com.github.mikephil.charting.charts", "inject": "true", "uri": "///home/nima/Developer/AutoFixer/Evaluation/Projects/MPAndroidChart/MPChartLib/src/main/java/com/github/mikephil/charting/charts/CombinedChart.java"}, {"annotation": "androidx.annotation.Nullable", "followups": [], "method": "null", "param": "mShapeRenderer", "effect": 0, "index": "null", "location": "FIELD", "finished": true, "class": "com.github.mikephil.charting.data.ScatterDataSet", "pkg": "com.github.mikephil.charting.data", "inject": "true", "uri": "///home/nima/Developer/AutoFixer/Evaluation/Projects/MPAndroidChart/MPChartLib/src/main/java/com/github/mikephil/charting/data/ScatterDataSet.java"}, {"annotation": "androidx.annotation.Nullable", "followups": [], "method": "getHighlight(float,float)", "param": "null", "effect": 0, "index": "null", "location": "METHOD", "finished": true, "class": "com.github.mikephil.charting.highlight.IHighlighter", "pkg": "com.github.mikephil.charting.highlight", "inject": "true", "uri": "///home/nima/Developer/AutoFixer/Evaluation/Projects/MPAndroidChart/MPChartLib/src/main/java/com/github/mikephil/charting/highlight/IHighlighter.java"}, {"annotation": "androidx.annotation.Nullable", "followups": [], "method": "velocityTrackerPointerUpCleanUpIfNecessary(android.view.MotionEvent,android.view.VelocityTracker)", "param": "tracker", "effect": 0, "index": "1", "location": "PARAMETER", "finished": true, "class": "com.github.mikephil.charting.utils.Utils", "pkg": "com.github.mikephil.charting.utils", "inject": "true", "uri": "file:///home/nima/Developer/AutoFixer/Evaluation/Projects/MPAndroidChart/MPChartLib/src/main/java/com/github/mikephil/charting/utils/Utils.java"}, {"annotation": "androidx.annotation.Nullable", "followups": [], "method": "getGridDashPathEffect()", "param": "null", "effect": -1, "index": "null", "location": "METHOD", "finished": true, "class": "com.github.mikephil.charting.components.AxisBase", "pkg": "com.github.mikephil.charting.components", "inject": "true", "uri": "///home/nima/Developer/AutoFixer/Evaluation/Projects/MPAndroidChart/MPChartLib/src/main/java/com/github/mikephil/charting/components/AxisBase.java"}, {"annotation": "androidx.annotation.Nullable", "followups": [], "method": "getAxisLineDashPathEffect()", "param": "null", "effect": -1, "index": "null", "location": "METHOD", "finished": true, "class": "com.github.mikephil.charting.components.AxisBase", "pkg": "com.github.mikephil.charting.components", "inject": "true", "uri": "///home/nima/Developer/AutoFixer/Evaluation/Projects/MPAndroidChart/MPChartLib/src/main/java/com/github/mikephil/charting/components/AxisBase.java"}, {"annotation": "androidx.annotation.Nullable", "followups": [], "method": "getTypeface()", "param": "null", "effect": -1, "index": "null", "location": "METHOD", "finished": true, "class": "com.github.mikephil.charting.components.ComponentBase", "pkg": "com.github.mikephil.charting.components", "inject": "true", "uri": "///home/nima/Developer/AutoFixer/Evaluation/Projects/MPAndroidChart/MPChartLib/src/main/java/com/github/mikephil/charting/components/ComponentBase.java"}, {"annotation": "androidx.annotation.Nullable", "followups": [], "method": "getIcon()", "param": "null", "effect": -1, "index": "null", "location": "METHOD", "finished": true, "class": "com.github.mikephil.charting.data.BaseEntry", "pkg": "com.github.mikephil.charting.data", "inject": "true", "uri": "///home/nima/Developer/AutoFixer/Evaluation/Projects/MPAndroidChart/MPChartLib/src/main/java/com/github/mikephil/charting/data/BaseEntry.java"}, {"annotation": "androidx.annotation.Nullable", "followups": [], "method": "getExtraEntries()", "param": "null", "effect": -1, "index": "null", "location": "METHOD", "finished": true, "class": "com.github.mikephil.charting.components.Legend", "pkg": "com.github.mikephil.charting.components", "inject": "true", "uri": "///home/nima/Developer/AutoFixer/Evaluation/Projects/MPAndroidChart/MPChartLib/src/main/java/com/github/mikephil/charting/components/Legend.java"}, {"annotation": "androidx.annotation.Nullable", "followups": [], "method": "getFormLineDashEffect()", "param": "null", "effect": -1, "index": "null", "location": "METHOD", "finished": true, "class": "com.github.mikephil.charting.components.Legend", "pkg": "com.github.mikephil.charting.components", "inject": "true", "uri": "///home/nima/Developer/AutoFixer/Evaluation/Projects/MPAndroidChart/MPChartLib/src/main/java/com/github/mikephil/charting/components/Legend.java"}, {"annotation": "androidx.annotation.Nullable", "followups": [], "method": "AxisRenderer(com.github.mikephil.charting.utils.ViewPortHandler,com.github.mikephil.charting.utils.Transformer,com.github.mikephil.charting.components.AxisBase)", "param": "trans", "effect": -1, "index": "1", "location": "PARAMETER", "finished": true, "class": "com.github.mikephil.charting.renderer.AxisRenderer", "pkg": "com.github.mikephil.charting.renderer", "inject": "true", "uri": "file:///home/nima/Developer/AutoFixer/Evaluation/Projects/MPAndroidChart/MPChartLib/src/main/java/com/github/mikephil/charting/renderer/AxisRenderer.java"}, {"annotation": "androidx.annotation.Nullable", "followups": [], "method": "getDashPathEffect()", "param": "null", "effect": -1, "index": "null", "location": "METHOD", "finished": true, "class": "com.github.mikephil.charting.components.LimitLine", "pkg": "com.github.mikephil.charting.components", "inject": "true", "uri": "///home/nima/Developer/AutoFixer/Evaluation/Projects/MPAndroidChart/MPChartLib/src/main/java/com/github/mikephil/charting/components/LimitLine.java"}, {"annotation": "androidx.annotation.Nullable", "followups": [], "method": "getPosition()", "param": "null", "effect": -1, "index": "null", "location": "METHOD", "finished": true, "class": "com.github.mikephil.charting.components.Description", "pkg": "com.github.mikephil.charting.components", "inject": "true", "uri": "///home/nima/Developer/AutoFixer/Evaluation/Projects/MPAndroidChart/MPChartLib/src/main/java/com/github/mikephil/charting/components/Description.java"}, {"annotation": "androidx.annotation.Nullable", "followups": [], "method": "drawLabel(android.graphics.Canvas,float,float,java.lang.String)", "param": "label", "effect": -1, "index": "3", "location": "PARAMETER", "finished": true, "class": "com.github.mikephil.charting.renderer.LegendRenderer", "pkg": "com.github.mikephil.charting.renderer", "inject": "true", "uri": "file:///home/nima/Developer/AutoFixer/Evaluation/Projects/MPAndroidChart/MPChartLib/src/main/java/com/github/mikephil/charting/renderer/LegendRenderer.java"}, {"annotation": "androidx.annotation.Nullable", "followups": [], "method": "getHighlight(float,float)", "param": "null", "effect": -1, "index": "null", "location": "METHOD", "finished": true, "class": "com.github.mikephil.charting.highlight.ChartHighlighter", "pkg": "com.github.mikephil.charting.highlight", "inject": "true", "uri": "///home/nima/Developer/AutoFixer/Evaluation/Projects/MPAndroidChart/MPChartLib/src/main/java/com/github/mikephil/charting/highlight/ChartHighlighter.java"}, {"annotation": "androidx.annotation.Nullable", "followups": [], "method": "getLabel()", "param": "null", "effect": -1, "index": "null", "location": "METHOD", "finished": true, "class": "com.github.mikephil.charting.data.PieEntry", "pkg": "com.github.mikephil.charting.data", "inject": "true", "uri": "///home/nima/Developer/AutoFixer/Evaluation/Projects/MPAndroidChart/MPChartLib/src/main/java/com/github/mikephil/charting/data/PieEntry.java"}, {"annotation": "androidx.annotation.Nullable", "followups": [], "method": "PieEntry(float,java.lang.String,java.lang.Object)", "param": "label", "effect": -1, "index": "1", "location": "PARAMETER", "finished": true, "class": "com.github.mikephil.charting.data.PieEntry", "pkg": "com.github.mikephil.charting.data", "inject": "true", "uri": "file:///home/nima/Developer/AutoFixer/Evaluation/Projects/MPAndroidChart/MPChartLib/src/main/java/com/github/mikephil/charting/data/PieEntry.java"}, {"annotation": "androidx.annotation.Nullable", "followups": [], "method": "getLabels()", "param": "null", "effect": -1, "index": "null", "location": "METHOD", "finished": true, "class": "com.github.mikephil.charting.data.RadarData", "pkg": "com.github.mikephil.charting.data", "inject": "true", "uri": "///home/nima/Developer/AutoFixer/Evaluation/Projects/MPAndroidChart/MPChartLib/src/main/java/com/github/mikephil/charting/data/RadarData.java"}, {"annotation": "androidx.annotation.Nullable", "followups": [], "method": "AnimatedViewPortJob(com.github.mikephil.charting.utils.ViewPortHandler,float,float,com.github.mikephil.charting.utils.Transformer,android.view.View,float,float,long)", "param": "viewPortHandler", "effect": -1, "index": "0", "location": "PARAMETER", "finished": true, "class": "com.github.mikephil.charting.jobs.AnimatedViewPortJob", "pkg": "com.github.mikephil.charting.jobs", "inject": "true", "uri": "file:///home/nima/Developer/AutoFixer/Evaluation/Projects/MPAndroidChart/MPChartLib/src/main/java/com/github/mikephil/charting/jobs/AnimatedViewPortJob.java"}, {"annotation": "androidx.annotation.Nullable", "followups": [], "method": "AnimatedViewPortJob(com.github.mikephil.charting.utils.ViewPortHandler,float,float,com.github.mikephil.charting.utils.Transformer,android.view.View,float,float,long)", "param": "trans", "effect": -1, "index": "3", "location": "PARAMETER", "finished": true, "class": "com.github.mikephil.charting.jobs.AnimatedViewPortJob", "pkg": "com.github.mikephil.charting.jobs", "inject": "true", "uri": "file:///home/nima/Developer/AutoFixer/Evaluation/Projects/MPAndroidChart/MPChartLib/src/main/java/com/github/mikephil/charting/jobs/AnimatedViewPortJob.java"}, {"annotation": "androidx.annotation.Nullable", "followups": [], "method": "AnimatedViewPortJob(com.github.mikephil.charting.utils.ViewPortHandler,float,float,com.github.mikephil.charting.utils.Transformer,android.view.View,float,float,long)", "param": "v", "effect": -1, "index": "4", "location": "PARAMETER", "finished": true, "class": "com.github.mikephil.charting.jobs.AnimatedViewPortJob", "pkg": "com.github.mikephil.charting.jobs", "inject": "true", "uri": "file:///home/nima/Developer/AutoFixer/Evaluation/Projects/MPAndroidChart/MPChartLib/src/main/java/com/github/mikephil/charting/jobs/AnimatedViewPortJob.java"}, {"annotation": "androidx.annotation.Nullable", "followups": [], "method": "null", "param": "axisDependency", "effect": -1, "index": "null", "location": "FIELD", "finished": true, "class": "com.github.mikephil.charting.jobs.ZoomJob", "pkg": "com.github.mikephil.charting.jobs", "inject": "true", "uri": "///home/nima/Developer/AutoFixer/Evaluation/Projects/MPAndroidChart/MPChartLib/src/main/java/com/github/mikephil/charting/jobs/ZoomJob.java"}, {"annotation": "androidx.annotation.Nullable", "followups": [], "method": "ViewPortJob(com.github.mikephil.charting.utils.ViewPortHandler,float,float,com.github.mikephil.charting.utils.Transformer,android.view.View)", "param": "viewPortHandler", "effect": -1, "index": "0", "location": "PARAMETER", "finished": true, "class": "com.github.mikephil.charting.jobs.ViewPortJob", "pkg": "com.github.mikephil.charting.jobs", "inject": "true", "uri": "file:///home/nima/Developer/AutoFixer/Evaluation/Projects/MPAndroidChart/MPChartLib/src/main/java/com/github/mikephil/charting/jobs/ViewPortJob.java"}, {"annotation": "androidx.annotation.Nullable", "followups": [], "method": "ViewPortJob(com.github.mikephil.charting.utils.ViewPortHandler,float,float,com.github.mikephil.charting.utils.Transformer,android.view.View)", "param": "trans", "effect": -1, "index": "3", "location": "PARAMETER", "finished": true, "class": "com.github.mikephil.charting.jobs.ViewPortJob", "pkg": "com.github.mikephil.charting.jobs", "inject": "true", "uri": "file:///home/nima/Developer/AutoFixer/Evaluation/Projects/MPAndroidChart/MPChartLib/src/main/java/com/github/mikephil/charting/jobs/ViewPortJob.java"}, {"annotation": "androidx.annotation.Nullable", "followups": [], "method": "ViewPortJob(com.github.mikephil.charting.utils.ViewPortHandler,float,float,com.github.mikephil.charting.utils.Transformer,android.view.View)", "param": "v", "effect": -1, "index": "4", "location": "PARAMETER", "finished": true, "class": "com.github.mikephil.charting.jobs.ViewPortJob", "pkg": "com.github.mikephil.charting.jobs", "inject": "true", "uri": "file:///home/nima/Developer/AutoFixer/Evaluation/Projects/MPAndroidChart/MPChartLib/src/main/java/com/github/mikephil/charting/jobs/ViewPortJob.java"}, {"annotation": "androidx.annotation.Nullable", "followups": [], "method": "null", "param": "yAxis", "effect": -1, "index": "null", "location": "FIELD", "finished": true, "class": "com.github.mikephil.charting.jobs.AnimatedZoomJob", "pkg": "com.github.mikephil.charting.jobs", "inject": "true", "uri": "///home/nima/Developer/AutoFixer/Evaluation/Projects/MPAndroidChart/MPChartLib/src/main/java/com/github/mikephil/charting/jobs/AnimatedZoomJob.java"}, {"annotation": "androidx.annotation.Nullable", "followups": [], "method": "getClosestHighlight(int,float,float)", "param": "null", "effect": -1, "index": "null", "location": "METHOD", "finished": true, "class": "com.github.mikephil.charting.highlight.PieRadarHighlighter", "pkg": "com.github.mikephil.charting.highlight", "inject": "true", "uri": "///home/nima/Developer/AutoFixer/Evaluation/Projects/MPAndroidChart/MPChartLib/src/main/java/com/github/mikephil/charting/highlight/PieRadarHighlighter.java"}, {"annotation": "androidx.annotation.Nullable", "followups": [], "method": "equalTo(com.github.mikephil.charting.highlight.Highlight)", "param": "h", "effect": -2, "index": "0", "location": "PARAMETER", "finished": true, "class": "com.github.mikephil.charting.highlight.Highlight", "pkg": "com.github.mikephil.charting.highlight", "inject": "true", "uri": "file:///home/nima/Developer/AutoFixer/Evaluation/Projects/MPAndroidChart/MPChartLib/src/main/java/com/github/mikephil/charting/highlight/Highlight.java"}, {"annotation": "androidx.annotation.Nullable", "followups": [], "method": "null", "param": "mTrans", "effect": 15, "index": "null", "location": "FIELD", "finished": true, "class": "com.github.mikephil.charting.renderer.AxisRenderer", "pkg": "com.github.mikephil.charting.renderer", "inject": "true", "uri": "///home/nima/Developer/AutoFixer/Evaluation/Projects/MPAndroidChart/MPChartLib/src/main/java/com/github/mikephil/charting/renderer/AxisRenderer.java"}, {"annotation": "androidx.annotation.Nullable", "followups": [], "method": "null", "param": "view", "effect": 11, "index": "null", "location": "FIELD", "finished": true, "class": "com.github.mikephil.charting.jobs.ViewPortJob", "pkg": "com.github.mikephil.charting.jobs", "inject": "true", "uri": "///home/nima/Developer/AutoFixer/Evaluation/Projects/MPAndroidChart/MPChartLib/src/main/java/com/github/mikephil/charting/jobs/ViewPortJob.java"}, {"annotation": "androidx.annotation.Nullable", "followups": [], "method": "null", "param": "mViewPortHandler", "effect": 3, "index": "null", "location": "FIELD", "finished": true, "class": "com.github.mikephil.charting.jobs.ViewPortJob", "pkg": "com.github.mikephil.charting.jobs", "inject": "true", "uri": "///home/nima/Developer/AutoFixer/Evaluation/Projects/MPAndroidChart/MPChartLib/src/main/java/com/github/mikephil/charting/jobs/ViewPortJob.java"}, {"annotation": "androidx.annotation.Nullable", "followups": [], "method": "null", "param": "mTrans", "effect": 3, "index": "null", "location": "FIELD", "finished": true, "class": "com.github.mikephil.charting.jobs.ViewPortJob", "pkg": "com.github.mikephil.charting.jobs", "inject": "true", "uri": "///home/nima/Developer/AutoFixer/Evaluation/Projects/MPAndroidChart/MPChartLib/src/main/java/com/github/mikephil/charting/jobs/ViewPortJob.java"}, {"annotation": "androidx.annotation.Nullable", "followups": [], "method": "getShapeRenderer()", "param": "null", "effect": 0, "index": "null", "location": "METHOD", "finished": true, "class": "com.github.mikephil.charting.data.ScatterDataSet", "pkg": "com.github.mikephil.charting.data", "inject": "true", "uri": "///home/nima/Developer/AutoFixer/Evaluation/Projects/MPAndroidChart/MPChartLib/src/main/java/com/github/mikephil/charting/data/ScatterDataSet.java"}, {"annotation": "androidx.annotation.Nullable", "followups": [], "method": "getFormLineDashEffect()", "param": "null", "effect": -1, "index": "null", "location": "METHOD", "finished": true, "class": "com.github.mikephil.charting.interfaces.datasets.IDataSet", "pkg": "com.github.mikephil.charting.interfaces.datasets", "inject": "true", "uri": "///home/nima/Developer/AutoFixer/Evaluation/Projects/MPAndroidChart/MPChartLib/src/main/java/com/github/mikephil/charting/interfaces/datasets/IDataSet.java"}, {"annotation": "androidx.annotation.Nullable", "followups": [], "method": "getDashPathEffect()", "param": "null", "effect": -1, "index": "null", "location": "METHOD", "finished": true, "class": "com.github.mikephil.charting.interfaces.datasets.ILineDataSet", "pkg": "com.github.mikephil.charting.interfaces.datasets", "inject": "true", "uri": "///home/nima/Developer/AutoFixer/Evaluation/Projects/MPAndroidChart/MPChartLib/src/main/java/com/github/mikephil/charting/interfaces/datasets/ILineDataSet.java"}, {"annotation": "androidx.annotation.Nullable", "followups": [], "method": "getFillDrawable()", "param": "null", "effect": -1, "index": "null", "location": "METHOD", "finished": true, "class": "com.github.mikephil.charting.interfaces.datasets.ILineRadarDataSet", "pkg": "com.github.mikephil.charting.interfaces.datasets", "inject": "true", "uri": "///home/nima/Developer/AutoFixer/Evaluation/Projects/MPAndroidChart/MPChartLib/src/main/java/com/github/mikephil/charting/interfaces/datasets/ILineRadarDataSet.java"}, {"annotation": "androidx.annotation.Nullable", "followups": [], "method": "getDashPathEffectHighlight()", "param": "null", "effect": -1, "index": "null", "location": "METHOD", "finished": true, "class": "com.github.mikephil.charting.interfaces.datasets.ILineScatterCandleRadarDataSet", "pkg": "com.github.mikephil.charting.interfaces.datasets", "inject": "true", "uri": "///home/nima/Developer/AutoFixer/Evaluation/Projects/MPAndroidChart/MPChartLib/src/main/java/com/github/mikephil/charting/interfaces/datasets/ILineScatterCandleRadarDataSet.java"}, {"annotation": "androidx.annotation.Nullable", "followups": [], "method": "getAxis(com.github.mikephil.charting.components.YAxis.AxisDependency)", "param": "axis", "effect": -1, "index": "0", "location": "PARAMETER", "finished": true, "class": "com.github.mikephil.charting.charts.BarLineChartBase", "pkg": "com.github.mikephil.charting.charts", "inject": "true", "uri": "file:///home/nima/Developer/AutoFixer/Evaluation/Projects/MPAndroidChart/MPChartLib/src/main/java/com/github/mikephil/charting/charts/BarLineChartBase.java"}, {"annotation": "androidx.annotation.Nullable", "followups": [], "method": "getShapeRenderer()", "param": "null", "effect": -1, "index": "null", "location": "METHOD", "finished": true, "class": "com.github.mikephil.charting.interfaces.datasets.IScatterDataSet", "pkg": "com.github.mikephil.charting.interfaces.datasets", "inject": "true", "uri": "///home/nima/Developer/AutoFixer/Evaluation/Projects/MPAndroidChart/MPChartLib/src/main/java/com/github/mikephil/charting/interfaces/datasets/IScatterDataSet.java"}]}